date,open,high,low,close,adjclose,volume,dividend,split
2015-08-05,281.906005859375,281.906005859375,278.40301513671875,278.5769958496094,278.5769958496094,18792100,0,1
2015-08-06,278.7409973144531,280.3919982910156,276.3659973144531,279.5849914550781,279.5849914550781,42484800,0,1
2015-08-07,279.74200439453125,279.9280090332031,260.7099914550781,260.99700927734375,260.99700927734375,58533000,0,1
2015-08-08,261.1159973144531,267.00299072265625,260.4679870605469,265.0830078125,265.0830078125,23789600,0,1
2015-08-09,265.4779968261719,267.0320129394531,262.59600830078125,264.4700012207031,264.4700012207031,20979400,0,1
2015-08-10,264.3420104980469,270.385986328125,264.093994140625,270.385986328125,270.385986328125,25433900,0,1
2015-08-11,270.5979919433594,270.6730041503906,265.468994140625,266.3760070800781,266.3760070800781,26815400,0,1
2015-08-12,266.1830139160156,266.23199462890625,262.84100341796875,264.0799865722656,264.0799865722656,27685500,0,1
2015-08-13,264.1319885253906,267.46600341796875,261.4779968261719,265.67999267578125,265.67999267578125,27091200,0,1
2015-08-14,265.52899169921875,266.6669921875,261.2959899902344,261.5509948730469,261.5509948730469,19321100,0,1
2015-08-15,261.8659973144531,262.44000244140625,257.0409851074219,258.5069885253906,258.5069885253906,29717000,0,1
2015-08-16,258.489990234375,260.5050048828125,257.11700439453125,257.97601318359375,257.97601318359375,21617900,0,1
2015-08-17,257.9259948730469,257.9930114746094,211.07899475097656,211.07899475097656,211.07899475097656,42147200,0,1
2015-08-18,225.67100524902344,237.40899658203125,222.76600646972656,226.6840057373047,226.6840057373047,60869200,0,1
2015-08-19,226.8990020751953,237.36500549316406,226.8990020751953,235.35000610351562,235.35000610351562,32275000,0,1
2015-08-20,235.35499572753906,236.4320068359375,231.7239990234375,232.56900024414062,232.56900024414062,23173800,0,1
2015-08-21,232.66200256347656,234.95700073242188,222.70399475097656,230.38999938964844,230.38999938964844,23205900,0,1
2015-08-22,230.37600708007812,232.7050018310547,225.5800018310547,228.16900634765625,228.16900634765625,18406600,0,1
2015-08-23,228.11199951171875,228.13900756835938,210.4429931640625,210.4949951171875,210.4949951171875,59220700,0,1
2015-08-24,210.0679931640625,226.3209991455078,199.56700134277344,221.60899353027344,221.60899353027344,61089200,0,1
2015-08-25,222.0760040283203,231.18299865722656,220.20399475097656,225.83099365234375,225.83099365234375,31808000,0,1
2015-08-26,226.0500030517578,228.64300537109375,223.6840057373047,224.7689971923828,224.7689971923828,21905400,0,1
2015-08-27,224.7010040283203,235.218994140625,220.92599487304688,231.39599609375,231.39599609375,31336600,0,1
2015-08-28,231.5489959716797,233.2220001220703,227.3300018310547,229.77999877929688,229.77999877929688,17142500,0,1
2015-08-29,229.89500427246094,232.0679931640625,226.2469940185547,228.76100158691406,228.76100158691406,19412600,0,1
2015-08-30,229.11399841308594,231.95599365234375,225.9149932861328,230.05599975585938,230.05599975585938,20710700,0,1
2015-08-31,230.25599670410156,231.21600341796875,226.86000061035156,228.12100219726562,228.12100219726562,20575200,0,1
2015-09-01,228.02699279785156,230.57699584960938,226.47500610351562,229.28399658203125,229.28399658203125,18760400,0,1
2015-09-02,229.32400512695312,229.60499572753906,226.66700744628906,227.18299865722656,227.18299865722656,17482000,0,1
2015-09-03,227.21499633789062,230.89999389648438,227.05099487304688,230.29800415039062,230.29800415039062,20962400,0,1
2015-09-04,230.19900512695312,236.14300537109375,229.4429931640625,235.0189971923828,235.0189971923828,20671400,0,1
2015-09-05,234.8699951171875,242.91200256347656,234.68099975585938,239.83999633789062,239.83999633789062,25473700,0,1
2015-09-06,239.9340057373047,242.1060028076172,238.7220001220703,239.8470001220703,239.8470001220703,21192200,0,1
2015-09-07,239.8459930419922,245.781005859375,239.67799377441406,243.60699462890625,243.60699462890625,26879200,0,1
2015-09-08,243.4149932861328,244.41600036621094,237.8209991455078,238.16799926757812,238.16799926757812,23635700,0,1
2015-09-09,238.33599853515625,241.29299926757812,235.79100036621094,238.4770050048828,238.4770050048828,21215500,0,1
2015-09-10,238.32899475097656,241.16900634765625,238.32899475097656,240.10699462890625,240.10699462890625,19224700,0,1
2015-09-11,239.85499572753906,240.12399291992188,234.75399780273438,235.22900390625,235.22900390625,17962600,0,1
2015-09-12,235.24200439453125,235.93499755859375,229.33200073242188,230.51199340820312,230.51199340820312,18478800,0,1
2015-09-13,230.60899353027344,232.44000244140625,227.96099853515625,230.6439971923828,230.6439971923828,20997800,0,1
2015-09-14,230.49200439453125,259.1820068359375,229.82200622558594,230.3040008544922,230.3040008544922,19177800,0,1
2015-09-15,230.25,231.21499633789062,227.40199279785156,229.09100341796875,229.09100341796875,20144200,0,1
2015-09-16,229.0760040283203,230.28500366210938,228.92599487304688,229.80999755859375,229.80999755859375,18935400,0,1
2015-09-17,233.52099609375,234.35299682617188,232.18499755859375,232.97500610351562,232.97500610351562,20242200,0,1
2015-09-18,232.85800170898438,233.2050018310547,231.08900451660156,231.4929962158203,231.4929962158203,12712600,0,1
2015-09-19,231.3990020751953,232.36500549316406,230.91000366210938,231.21200561523438,231.21200561523438,14444700,0,1
2015-09-20,231.2169952392578,231.2169952392578,226.52099609375,227.0850067138672,227.0850067138672,19678800,0,1
2015-09-21,226.968994140625,232.38600158691406,225.11700439453125,230.6179962158203,230.6179962158203,25009300,0,1
2015-09-22,230.93600463867188,231.8350067138672,229.59100341796875,230.2830047607422,230.2830047607422,17254100,0,1
2015-09-23,230.35800170898438,235.6490020751953,230.2949981689453,234.5290069580078,234.5290069580078,25097800,0,1
2015-09-24,234.36199951171875,237.427001953125,233.6840057373047,235.1439971923828,235.1439971923828,22363600,0,1
2015-09-25,235.0760040283203,235.4029998779297,233.35800170898438,234.33999633789062,234.33999633789062,13724100,0,1
2015-09-26,234.13900756835938,234.5260009765625,232.4759979248047,232.7570037841797,232.7570037841797,14179900,0,1
2015-09-27,232.83599853515625,239.33900451660156,232.4669952392578,239.14199829101562,239.14199829101562,24713000,0,1
2015-09-28,239.01600646972656,239.802001953125,235.92799377441406,236.68699645996094,236.68699645996094,22691300,0,1
2015-09-29,236.63999938964844,237.73399353027344,235.62899780273438,236.05999755859375,236.05999755859375,19743500,0,1
2015-09-30,236.00399780273438,238.44500732421875,235.61599731445312,237.5489959716797,237.5489959716797,20488800,0,1
2015-10-01,237.26400756835938,238.54100036621094,236.60299682617188,237.29299926757812,237.29299926757812,19677900,0,1
2015-10-02,237.20199584960938,239.31500244140625,236.94400024414062,238.72999572753906,238.72999572753906,16482700,0,1
2015-10-03,238.531005859375,238.96800231933594,237.94000244140625,238.25900268554688,238.25900268554688,12999000,0,1
2015-10-04,238.14700317382812,240.38299560546875,237.03500366210938,240.38299560546875,240.38299560546875,23335900,0,1
2015-10-05,240.36399841308594,246.93499755859375,240.13600158691406,246.06300354003906,246.06300354003906,27535100,0,1
2015-10-06,246.1699981689453,246.68099975585938,242.5850067138672,242.968994140625,242.968994140625,22999200,0,1
2015-10-07,243.0749969482422,244.25100708007812,242.1790008544922,242.3040008544922,242.3040008544922,18515300,0,1
2015-10-08,242.4980010986328,244.22799682617188,242.1219940185547,243.93099975585938,243.93099975585938,17353100,0,1
2015-10-09,243.74000549316406,245.31900024414062,243.07400512695312,244.9409942626953,244.9409942626953,15912700,0,1
2015-10-10,244.74200439453125,247.2429962158203,244.15199279785156,247.0500030517578,247.0500030517578,16827300,0,1
2015-10-11,246.875,247.45399475097656,245.1790008544922,245.30799865722656,245.30799865722656,17388300,0,1
2015-10-12,245.1999969482422,250.23599243164062,243.7570037841797,249.50799560546875,249.50799560546875,28198500,0,1
2015-10-13,249.4929962158203,254.27499389648438,248.9029998779297,251.98899841308594,251.98899841308594,27462600,0,1
2015-10-14,252.10699462890625,255.96200561523438,252.04600524902344,254.32000732421875,254.32000732421875,25223500,0,1
2015-10-15,254.29600524902344,266.135009765625,253.92599487304688,262.8689880371094,262.8689880371094,35901500,0,1
2015-10-16,262.74700927734375,273.5780029296875,262.36700439453125,270.6400146484375,270.6400146484375,43199600,0,1
2015-10-17,270.9070129394531,271.6679992675781,260.7770080566406,261.64300537109375,261.64300537109375,22434300,0,1
2015-10-18,261.8609924316406,264.82000732421875,260.95098876953125,263.43701171875,263.43701171875,25258800,0,1
2015-10-19,263.5719909667969,270.8349914550781,263.22698974609375,269.4630126953125,269.4630126953125,30889800,0,1
2015-10-20,269.3059997558594,270.7699890136719,263.8389892578125,266.2720031738281,266.2720031738281,25637300,0,1
2015-10-21,266.4960021972656,276.510009765625,266.135009765625,274.02301025390625,274.02301025390625,37808600,0,1
2015-10-22,273.64898681640625,278.6839904785156,273.5429992675781,276.4960021972656,276.4960021972656,29442500,0,1
2015-10-23,276.5039978027344,281.70599365234375,276.5039978027344,281.65399169921875,281.65399169921875,25942400,0,1
2015-10-24,281.44500732421875,294.0589904785156,281.44500732421875,283.67999267578125,283.67999267578125,45717100,0,1
2015-10-26,283.62799072265625,285.29998779296875,280.510009765625,285.29998779296875,285.29998779296875,32108800,0,1
2015-10-27,285.1809997558594,296.2120056152344,285.00799560546875,293.7879943847656,293.7879943847656,46331800,0,1
2015-10-28,293.7030029296875,306.33099365234375,293.7030029296875,304.6180114746094,304.6180114746094,50808100,0,1
2015-10-29,304.3240051269531,318.1700134277344,301.822998046875,313.8550109863281,313.8550109863281,64495900,0,1
2015-10-30,313.9429931640625,334.16900634765625,313.94000244140625,328.0150146484375,328.0150146484375,78305000,0,1
2015-10-31,328.5119934082031,332.7770080566406,309.2510070800781,314.1659851074219,314.1659851074219,48598100,0,1
2015-11-01,315.0050048828125,327.47198486328125,311.8810119628906,325.4309997558594,325.4309997558594,37001100,0,1
2015-11-02,325.9419860839844,365.3599853515625,323.2090148925781,361.1889953613281,361.1889953613281,101918000,0,1
2015-11-03,361.87298583984375,417.8999938964844,357.6470031738281,403.4169921875,403.4169921875,206162000,0,1
2015-11-04,403.66400146484375,495.56201171875,380.5480041503906,411.56298828125,411.56298828125,263900000,0,1
2015-11-05,408.0769958496094,447.5610046386719,374.58099365234375,386.35400390625,386.35400390625,151824992,0,1
2015-11-06,388.0469970703125,395.83599853515625,354.0249938964844,374.4700012207031,374.4700012207031,122687000,0,1
2015-11-07,374.2690124511719,390.58599853515625,372.4330139160156,386.48199462890625,386.48199462890625,56625100,0,1
2015-11-08,384.27801513671875,389.8949890136719,368.70001220703125,373.3680114746094,373.3680114746094,51817600,0,1
2015-11-09,374.3240051269531,385.27801513671875,362.8949890136719,380.2569885253906,380.2569885253906,68224400,0,1
2015-11-10,379.9840087890625,381.3869934082031,329.1080017089844,336.8190002441406,336.8190002441406,95797904,0,1
2015-11-11,339.82000732421875,340.5849914550781,300.99700927734375,311.0840148925781,311.0840148925781,107070000,0,1
2015-11-12,314.0790100097656,345.08099365234375,313.3559875488281,338.1520080566406,338.1520080566406,78477800,0,1
2015-11-13,338.49798583984375,340.91400146484375,326.07501220703125,336.75299072265625,336.75299072265625,52003000,0,1
2015-11-14,336.6239929199219,338.1809997558594,329.9700012207031,332.906005859375,332.906005859375,38612000,0,1
2015-11-15,333.0509948730469,334.6619873046875,317.489990234375,320.1659851074219,320.1659851074219,44213100,0,1
2015-11-16,319.7349853515625,331.6260070800781,315.9049987792969,330.7510070800781,330.7510070800781,47980100,0,1
2015-11-17,330.36199951171875,338.3500061035156,329.614013671875,335.093994140625,335.093994140625,51001600,0,1
2015-11-18,334.5929870605469,336.531005859375,330.6400146484375,334.5899963378906,334.5899963378906,43783800,0,1
2015-11-19,334.6789855957031,335.3340148925781,325.27301025390625,326.14898681640625,326.14898681640625,45011100,0,1
2015-11-20,326.4110107421875,326.4729919433594,312.2170104980469,322.0220031738281,322.0220031738281,53152900,0,1
2015-11-21,322.0920104980469,328.15899658203125,319.5950012207031,326.927001953125,326.927001953125,28200500,0,1
2015-11-22,326.9750061035156,327.010009765625,321.2590026855469,324.5360107421875,324.5360107421875,23439400,0,1
2015-11-23,324.3500061035156,325.1180114746094,321.2900085449219,323.0459899902344,323.0459899902344,27478900,0,1
2015-11-24,323.0140075683594,323.0580139160156,318.1180114746094,320.0459899902344,320.0459899902344,29362600,0,1
2015-11-25,320.0450134277344,329.1340026855469,316.7699890136719,328.20599365234375,328.20599365234375,41666900,0,1
2015-11-26,328.3030090332031,366.7569885253906,328.22900390625,352.6839904785156,352.6839904785156,106105000,0,1
2015-11-27,351.8609924316406,363.5889892578125,347.8699951171875,358.0419921875,358.0419921875,55179100,0,1
2015-11-28,357.1409912109375,359.5360107421875,352.1719970703125,357.3810119628906,357.3810119628906,36816600,0,1
2015-11-29,357.47198486328125,371.9389953613281,355.6659851074219,371.29400634765625,371.29400634765625,40409300,0,1
2015-11-30,371.43701171875,382.3630065917969,370.38299560546875,377.3210144042969,377.3210144042969,71701600,0,1
2015-12-01,377.41400146484375,378.9309997558594,356.56298828125,362.4880065917969,362.4880065917969,60452200,0,1
2015-12-02,361.8450012207031,362.23199462890625,349.4649963378906,359.18701171875,359.18701171875,54160500,0,1
2015-12-03,359.33099365234375,370.2749938964844,357.4119873046875,361.0459899902344,361.0459899902344,50714900,0,1
2015-12-04,361.2619934082031,363.5159912109375,355.7569885253906,363.1830139160156,363.1830139160156,35784100,0,1
2015-12-05,363.72100830078125,389.7850036621094,363.22900390625,388.9490051269531,388.9490051269531,66282200,0,1
2015-12-06,389.55499267578125,402.8089904785156,387.0889892578125,388.7829895019531,388.7829895019531,77762000,0,1
2015-12-07,389.9779968261719,399.968994140625,385.4110107421875,395.5360107421875,395.5360107421875,63455800,0,1
2015-12-08,395.7539978027344,415.56298828125,389.95001220703125,415.56298828125,415.56298828125,57801400,0,1
2015-12-09,414.4410095214844,423.1199951171875,406.2909851074219,417.56298828125,417.56298828125,90917200,0,1
2015-12-10,417.9880065917969,419.5090026855469,411.5480041503906,415.47900390625,415.47900390625,52138900,0,1
2015-12-11,415.281005859375,451.93798828125,415.281005859375,451.93798828125,451.93798828125,110944000,0,1
2015-12-12,452.3349914550781,469.1029968261719,410.7409973144531,434.99700927734375,434.99700927734375,131969000,0,1
2015-12-13,431.6600036621094,441.67999267578125,426.26800537109375,433.7550048828125,433.7550048828125,55050600,0,1
2015-12-14,433.2720031738281,447.1419982910156,430.45599365234375,444.1820068359375,444.1820068359375,130496000,0,1
2015-12-15,443.87799072265625,465.3210144042969,443.87799072265625,465.3210144042969,465.3210144042969,83121104,0,1
2015-12-16,465.2080078125,465.2080078125,443.85101318359375,454.9339904785156,454.9339904785156,107944000,0,1
2015-12-17,454.7770080566406,457.8599853515625,448.8580017089844,456.0780029296875,456.0780029296875,47978400,0,1
2015-12-18,455.84698486328125,465.177001953125,454.94000244140625,463.6159973144531,463.6159973144531,60220100,0,1
2015-12-19,463.552001953125,465.58099365234375,456.7650146484375,462.3219909667969,462.3219909667969,47892700,0,1
2015-12-20,462.2340087890625,462.6449890136719,434.3380126953125,442.68499755859375,442.68499755859375,75409400,0,1
2015-12-21,442.8380126953125,444.72900390625,427.31201171875,438.6390075683594,438.6390075683594,77639696,0,1
2015-12-22,437.4360046386719,443.68798828125,435.5159912109375,436.5719909667969,436.5719909667969,50840400,0,1
2015-12-23,436.7200012207031,444.52899169921875,436.6189880371094,442.4010009765625,442.4010009765625,47161400,0,1
2015-12-24,443.09100341796875,458.45599365234375,443.0769958496094,454.9849853515625,454.9849853515625,57157200,0,1
2015-12-25,454.8550109863281,458.30499267578125,452.07501220703125,455.65301513671875,455.65301513671875,39078500,0,1
2015-12-26,455.7560119628906,457.489013671875,405.760009765625,417.27398681640625,417.27398681640625,116166000,0,1
2015-12-27,416.5140075683594,424.0069885253906,408.88299560546875,422.822998046875,422.822998046875,53591200,0,1
2015-12-28,423.3429870605469,429.7690124511719,418.4809875488281,422.27899169921875,422.27899169921875,49638600,0,1
2015-12-29,422.0979919433594,432.9830017089844,420.62701416015625,432.9830017089844,432.9830017089844,51596500,0,1
2015-12-30,433.29998779296875,434.3869934082031,422.0840148925781,426.6199951171875,426.6199951171875,46889400,0,1
2015-12-31,425.875,432.9209899902344,418.7349853515625,430.5669860839844,430.5669860839844,45996600,0,1
2016-01-01,430.72100830078125,436.2460021972656,427.5150146484375,434.3340148925781,434.3340148925781,36278900,0,1
2016-01-02,434.62200927734375,436.06201171875,431.8699951171875,433.43798828125,433.43798828125,30096600,0,1
2016-01-03,433.5780029296875,433.7430114746094,424.70599365234375,430.010986328125,430.010986328125,39633800,0,1
2016-01-04,430.0610046386719,434.5169982910156,429.0840148925781,433.09100341796875,433.09100341796875,38477500,0,1
2016-01-05,433.0690002441406,434.1820068359375,429.6759948730469,431.9599914550781,431.9599914550781,34522600,0,1
2016-01-06,431.8559875488281,431.8559875488281,426.34100341796875,429.1050109863281,429.1050109863281,34042500,0,1
2016-01-07,430.010986328125,458.7659912109375,429.0769958496094,458.0480041503906,458.0480041503906,87562200,0,1
2016-01-08,457.5379943847656,462.9339904785156,447.93798828125,453.2300109863281,453.2300109863281,56993000,0,1
2016-01-09,453.38299560546875,454.6400146484375,446.8890075683594,447.6109924316406,447.6109924316406,32278000,0,1
2016-01-10,448.2380065917969,448.3089904785156,440.35101318359375,447.9909973144531,447.9909973144531,35995900,0,1
2016-01-11,448.697998046875,450.6619873046875,443.8550109863281,448.4280090332031,448.4280090332031,40450000,0,1
2016-01-12,448.1820068359375,448.1820068359375,435.69000244140625,435.69000244140625,435.69000244140625,115607000,0,1
2016-01-13,434.6650085449219,435.1860046386719,424.4429931640625,432.3710021972656,432.3710021972656,173888000,0,1
2016-01-14,432.2879943847656,433.3240051269531,427.8450012207031,430.3059997558594,430.3059997558594,43945500,0,1
2016-01-15,430.2550048828125,430.2550048828125,364.33099365234375,364.33099365234375,364.33099365234375,153351008,0,1
2016-01-16,365.072998046875,390.5570068359375,354.91400146484375,387.5360107421875,387.5360107421875,120352000,0,1
2016-01-17,387.1520080566406,390.9649963378906,380.0920104980469,382.29901123046875,382.29901123046875,45319600,0,1
2016-01-18,381.7330017089844,388.10400390625,376.6650085449219,387.1679992675781,387.1679992675781,54403900,0,1
2016-01-19,387.0260009765625,387.7300109863281,378.97198486328125,380.14898681640625,380.14898681640625,46819800,0,1
2016-01-20,379.739990234375,425.2669982910156,376.5989990234375,420.2300109863281,420.2300109863281,121720000,0,1
2016-01-21,419.6319885253906,422.87701416015625,406.29998779296875,410.2619934082031,410.2619934082031,68338000,0,1
2016-01-22,409.7510070800781,410.4100036621094,375.2820129394531,382.49200439453125,382.49200439453125,91546600,0,1
2016-01-23,382.4339904785156,394.5429992675781,381.9809875488281,387.4909973144531,387.4909973144531,56247400,0,1
2016-01-24,388.10198974609375,405.4849853515625,387.510009765625,402.97100830078125,402.97100830078125,54824800,0,1
2016-01-25,402.3169860839844,402.3169860839844,388.5539855957031,391.72601318359375,391.72601318359375,59062400,0,1
2016-01-26,392.00201416015625,397.7659912109375,390.57501220703125,392.15301513671875,392.15301513671875,58147000,0,1
2016-01-27,392.4440002441406,396.8429870605469,391.7820129394531,394.97198486328125,394.97198486328125,47424400,0,1
2016-01-28,395.14599609375,395.50201416015625,379.7349853515625,380.28900146484375,380.28900146484375,59247900,0,1
2016-01-29,380.1080017089844,384.3789978027344,365.4519958496094,379.4739990234375,379.4739990234375,86125296,0,1
2016-01-30,378.864990234375,380.9169921875,376.4909973144531,378.2550048828125,378.2550048828125,30284400,0,1
2016-01-31,378.2929992675781,380.34698486328125,367.8349914550781,368.7669982910156,368.7669982910156,37894300,0,1
2016-02-01,369.3500061035156,378.0719909667969,367.9570007324219,373.0559997558594,373.0559997558594,51656700,0,1
2016-02-02,372.9200134277344,375.88299560546875,372.9200134277344,374.447998046875,374.447998046875,40378700,0,1
2016-02-03,374.64599609375,374.95001220703125,368.0450134277344,369.9490051269531,369.9490051269531,45933400,0,1
2016-02-04,370.17401123046875,391.6080017089844,369.9930114746094,389.593994140625,389.593994140625,69285504,0,1
2016-02-05,388.89801025390625,391.093994140625,385.5719909667969,386.54901123046875,386.54901123046875,43825000,0,1
2016-02-06,386.5889892578125,386.6310119628906,372.3869934082031,376.5220031738281,376.5220031738281,49249300,0,1
2016-02-07,376.5140075683594,380.8710021972656,374.90301513671875,376.6199951171875,376.6199951171875,37076300,0,1
2016-02-08,376.7569885253906,379.8789978027344,373.3340148925781,373.4469909667969,373.4469909667969,47671100,0,1
2016-02-09,373.4230041503906,377.2460021972656,372.89801025390625,376.02899169921875,376.02899169921875,55318500,0,1
2016-02-10,376.14599609375,385.4830017089844,375.7829895019531,381.64898681640625,381.64898681640625,85130896,0,1
2016-02-11,382.114013671875,383.1300048828125,376.39898681640625,379.65399169921875,379.65399169921875,74375600,0,1
2016-02-12,379.6860046386719,384.9540100097656,379.6000061035156,384.26300048828125,384.26300048828125,67042800,0,1
2016-02-13,384.6409912109375,391.8599853515625,384.6409912109375,391.8599853515625,391.8599853515625,61911700,0,1
2016-02-14,392.9320068359375,407.2300109863281,392.9320068359375,407.2300109863281,407.2300109863281,74469800,0,1
2016-02-15,407.5679931640625,410.3810119628906,397.7489929199219,400.18499755859375,400.18499755859375,74070496,0,1
2016-02-16,401.4320068359375,408.94500732421875,401.4320068359375,407.4880065917969,407.4880065917969,73093104,0,1
2016-02-17,407.656005859375,421.1669921875,406.78399658203125,416.3219909667969,416.3219909667969,83193600,0,1
2016-02-18,416.5719909667969,425.9960021972656,415.63800048828125,422.37298583984375,422.37298583984375,76752600,0,1
2016-02-19,422.7300109863281,423.10400390625,417.60400390625,420.7850036621094,420.7850036621094,55711300,0,1
2016-02-20,421.60101318359375,441.9840087890625,421.60101318359375,437.16400146484375,437.16400146484375,93992096,0,1
2016-02-21,437.77301025390625,448.0459899902344,429.0769958496094,438.7980041503906,438.7980041503906,89820704,0,1
2016-02-22,438.989013671875,439.0450134277344,432.9169921875,437.74798583984375,437.74798583984375,85385200,0,1
2016-02-23,438.2550048828125,439.8580017089844,417.8210144042969,420.7359924316406,420.7359924316406,85244896,0,1
2016-02-24,420.95599365234375,425.54998779296875,413.9070129394531,424.9549865722656,424.9549865722656,67743696,0,1
2016-02-25,425.0369873046875,427.718994140625,420.4150085449219,424.54400634765625,424.54400634765625,70798000,0,1
2016-02-26,424.6289978027344,432.1520080566406,421.6199951171875,432.1520080566406,432.1520080566406,61486000,0,1
2016-02-27,432.8389892578125,434.2309875488281,428.1029968261719,432.5190124511719,432.5190124511719,41893600,0,1
2016-02-28,432.5710144042969,435.6830139160156,423.82000732421875,433.5039978027344,433.5039978027344,53033400,0,1
2016-02-29,433.43798828125,441.5069885253906,431.6929931640625,437.6969909667969,437.6969909667969,60694700,0,1
2016-03-01,437.9169921875,439.65301513671875,432.3190002441406,435.12298583984375,435.12298583984375,74895800,0,1
2016-03-02,435.1310119628906,435.9169921875,423.989013671875,423.989013671875,423.989013671875,74955296,0,1
2016-03-03,423.9119873046875,425.37298583984375,419.4110107421875,421.6510009765625,421.6510009765625,100484000,0,1
2016-03-04,421.83599853515625,425.1780090332031,410.9389953613281,410.9389953613281,410.9389953613281,90856096,0,1
2016-03-05,410.781005859375,411.2569885253906,394.0350036621094,400.57000732421875,400.57000732421875,135384992,0,1
2016-03-06,400.5249938964844,411.9070129394531,395.77801513671875,407.7070007324219,407.7070007324219,91212496,0,1
2016-03-07,407.7569885253906,415.9169921875,406.3089904785156,414.3210144042969,414.3210144042969,85762400,0,1
2016-03-08,414.4649963378906,416.2430114746094,411.093994140625,413.97198486328125,413.97198486328125,70311696,0,1
2016-03-09,413.8940124511719,416.0320129394531,411.6059875488281,414.8599853515625,414.8599853515625,70012304,0,1
2016-03-10,414.7439880371094,417.5119934082031,413.2510070800781,417.1310119628906,417.1310119628906,81022896,0,1
2016-03-11,417.2380065917969,423.9259948730469,417.01300048828125,421.69000244140625,421.69000244140625,73969696,0,1
2016-03-12,421.6050109863281,421.7950134277344,410.093994140625,411.6239929199219,411.6239929199219,92712896,0,1
2016-03-13,411.64801025390625,416.60400390625,411.6419982910156,414.06500244140625,414.06500244140625,74322800,0,1
2016-03-14,414.20098876953125,416.6839904785156,414.20098876953125,416.43798828125,416.43798828125,95259400,0,1
2016-03-15,416.38800048828125,418.1310119628906,414.9849853515625,416.8299865722656,416.8299865722656,66781700,0,1
2016-03-16,416.88800048828125,417.6860046386719,415.9119873046875,417.010986328125,417.010986328125,65185800,0,1
2016-03-17,417.8890075683594,420.99700927734375,417.8890075683594,420.6210021972656,420.6210021972656,83528600,0,1
2016-03-18,420.5469970703125,420.5469970703125,406.1369934082031,409.5480041503906,409.5480041503906,104940000,0,1
2016-03-19,409.2650146484375,410.9840087890625,407.2300109863281,410.4440002441406,410.4440002441406,58423000,0,1
2016-03-20,410.4010009765625,414.625,410.4010009765625,413.7550048828125,413.7550048828125,45947900,0,1
2016-03-21,413.4179992675781,413.4179992675781,410.3810119628906,413.3070068359375,413.3070068359375,61655400,0,1
2016-03-22,413.1319885253906,418.375,412.531005859375,418.0889892578125,418.0889892578125,66813300,0,1
2016-03-23,418.1610107421875,419.26800537109375,417.364013671875,418.0409851074219,418.0409851074219,61444200,0,1
2016-03-24,418.42401123046875,418.67999267578125,415.4859924316406,416.3940124511719,416.3940124511719,68346704,0,1
2016-03-25,416.50799560546875,418.0799865722656,415.5580139160156,417.177001953125,417.177001953125,52560000,0,1
2016-03-26,417.364990234375,418.98699951171875,416.2590026855469,417.94500732421875,417.94500732421875,44650400,0,1
2016-03-27,418.1400146484375,428.7969970703125,417.71099853515625,426.7650146484375,426.7650146484375,71229400,0,1
2016-03-27,426.5480041503906,426.85699462890625,423.2929992675781,424.2309875488281,424.2309875488281,68522800,0,1
2016-03-28,424.3039855957031,426.2030029296875,412.6809997558594,416.5159912109375,416.5159912109375,75411504,0,1
2016-03-29,416.8340148925781,416.8340148925781,412.4960021972656,414.8160095214844,414.8160095214844,66034100,0,1
2016-03-30,415.2569885253906,418.3689880371094,415.2569885253906,416.72900390625,416.72900390625,60215200,0,1
2016-03-31,416.760009765625,418.1730041503906,415.83099365234375,417.9599914550781,417.9599914550781,51235700,0,1
2016-04-01,418.4219970703125,422.08099365234375,418.4219970703125,420.87298583984375,420.87298583984375,45681200,0,1
2016-04-02,421.1730041503906,421.5799865722656,419.6969909667969,420.90399169921875,420.90399169921875,38053700,0,1
2016-04-03,421.29901123046875,422.3429870605469,419.60101318359375,421.4440002441406,421.4440002441406,50634300,0,1
2016-04-04,421.0169982910156,424.2569885253906,420.614013671875,424.0299987792969,424.0299987792969,60718000,0,1
2016-04-05,424.28399658203125,424.5270080566406,422.72900390625,423.4129943847656,423.4129943847656,59091000,0,1
2016-04-06,423.6199951171875,423.6570129394531,420.51800537109375,422.7449951171875,422.7449951171875,57858600,0,1
2016-04-07,422.9070129394531,425.3609924316406,419.635009765625,420.3489990234375,420.3489990234375,63454700,0,1
2016-04-08,420.8110046386719,420.8909912109375,416.5150146484375,419.4110107421875,419.4110107421875,49792700,0,1
2016-04-09,419.5920104980469,422.43499755859375,419.2569885253906,421.5639953613281,421.5639953613281,73478600,0,1
2016-04-10,421.87200927734375,422.739013671875,420.5329895019531,422.4830017089844,422.4830017089844,50747500,0,1
2016-04-11,422.8429870605469,427.2770080566406,422.8429870605469,425.19000244140625,425.19000244140625,70728800,0,1
2016-04-12,425.6319885253906,426.6579895019531,422.9159851074219,423.7340087890625,423.7340087890625,69060400,0,1
2016-04-13,423.93499755859375,425.3710021972656,423.01300048828125,424.2820129394531,424.2820129394531,45281000,0,1
2016-04-14,424.427001953125,429.9280090332031,424.427001953125,429.7130126953125,429.7130126953125,54801500,0,1
2016-04-15,429.57501220703125,432.625,428.9840087890625,430.5719909667969,430.5719909667969,39392800,0,1
2016-04-16,430.635986328125,431.3710021972656,426.0790100097656,427.39898681640625,427.39898681640625,52125900,0,1
2016-04-17,427.6109924316406,429.27398681640625,427.08599853515625,428.59100341796875,428.59100341796875,55670900,0,1
2016-04-18,428.7030029296875,436.0199890136719,428.10400390625,435.5090026855469,435.5090026855469,52810500,0,1
2016-04-19,435.3240051269531,443.0539855957031,434.406005859375,441.3890075683594,441.3890075683594,72890096,0,1
2016-04-20,441.4159851074219,450.5480041503906,440.9519958496094,449.42498779296875,449.42498779296875,68204704,0,1
2016-04-21,449.68798828125,449.80999755859375,444.1499938964844,445.73699951171875,445.73699951171875,58804400,0,1
2016-04-22,445.8609924316406,450.2820129394531,444.33099365234375,450.2820129394531,450.2820129394531,50485400,0,1
2016-04-23,450.55999755859375,460.14599609375,448.9280090332031,458.55499267578125,458.55499267578125,68198400,0,1
2016-04-24,459.1210021972656,466.6199951171875,453.5920104980469,461.4259948730469,461.4259948730469,87091800,0,1
2016-04-25,461.64801025390625,467.9649963378906,461.6210021972656,466.0889892578125,466.0889892578125,78971904,0,1
2016-04-26,466.2619934082031,467.0790100097656,444.1340026855469,444.68701171875,444.68701171875,93564896,0,1
2016-04-27,445.0379943847656,449.5509948730469,436.6499938964844,449.010986328125,449.010986328125,74064704,0,1
2016-04-28,449.4079895019531,455.3840026855469,446.0169982910156,455.09698486328125,455.09698486328125,49258500,0,1
2016-04-29,455.1780090332031,455.5870056152344,447.6969909667969,448.3179931640625,448.3179931640625,69322600,0,1
2016-04-30,448.4840087890625,452.47900390625,447.927001953125,451.875,451.875,40660100,0,1
2016-05-01,451.9330139160156,452.44500732421875,441.7760009765625,444.66900634765625,444.66900634765625,92127000,0,1
2016-05-02,444.72698974609375,451.09698486328125,442.61700439453125,450.3039855957031,450.3039855957031,59366400,0,1
2016-05-03,450.1830139160156,450.37799072265625,445.6300048828125,446.72198486328125,446.72198486328125,50407300,0,1
2016-05-04,446.71099853515625,448.5060119628906,445.88299560546875,447.97601318359375,447.97601318359375,50440800,0,1
2016-05-05,447.9419860839844,461.375,447.0679931640625,459.6029968261719,459.6029968261719,72796800,0,1
2016-05-06,459.6390075683594,460.67498779296875,457.3240051269531,458.5360107421875,458.5360107421875,38364500,0,1
2016-05-07,458.4289855957031,459.4169921875,455.9830017089844,458.5480041503906,458.5480041503906,40315000,0,1
2016-05-08,458.20599365234375,462.4809875488281,456.531005859375,460.4830017089844,460.4830017089844,55493100,0,1
2016-05-09,460.51800537109375,461.9289855957031,448.9540100097656,450.8949890136719,450.8949890136719,58956100,0,1
2016-05-10,450.864013671875,454.57598876953125,450.864013671875,452.7279968261719,452.7279968261719,50605200,0,1
2016-05-11,452.4469909667969,454.9490051269531,449.25,454.7659912109375,454.7659912109375,59849300,0,1
2016-05-12,454.8500061035156,457.05499267578125,453.4530029296875,455.6700134277344,455.6700134277344,60845000,0,1
2016-05-13,455.822998046875,456.83599853515625,454.7860107421875,455.6709899902344,455.6709899902344,37209000,0,1
2016-05-14,455.7590026855469,458.6919860839844,455.4590148925781,457.5679931640625,457.5679931640625,28514000,0,1
2016-05-15,457.58599853515625,458.20001220703125,452.94500732421875,454.1629943847656,454.1629943847656,59171500,0,1
2016-05-16,454.0090026855469,455.0719909667969,453.6050109863281,453.7829895019531,453.7829895019531,64100300,0,1
2016-05-17,453.6910095214844,455.99798583984375,453.29901123046875,454.6189880371094,454.6189880371094,86850096,0,1
2016-05-18,454.52398681640625,454.63299560546875,438.7149963378906,438.7149963378906,438.7149963378906,96027400,0,1
2016-05-19,437.7929992675781,444.0539855957031,437.3890075683594,442.6759948730469,442.6759948730469,81987904,0,1
2016-05-20,442.96600341796875,443.77801513671875,441.70599365234375,443.18798828125,443.18798828125,42762300,0,1
2016-05-21,443.2179870605469,443.427001953125,439.0350036621094,439.322998046875,439.322998046875,39657600,0,1
2016-05-22,439.3479919433594,444.3450012207031,438.822998046875,444.1549987792969,444.1549987792969,50582500,0,1
2016-05-23,444.2909851074219,447.1000061035156,443.92999267578125,445.9809875488281,445.9809875488281,65783100,0,1
2016-05-24,446.06201171875,450.2980041503906,446.06201171875,449.5989990234375,449.5989990234375,65231000,0,1
2016-05-25,449.6719970703125,453.6440124511719,447.89599609375,453.3840026855469,453.3840026855469,65203800,0,1
2016-05-26,453.52099609375,478.14898681640625,453.52099609375,473.4639892578125,473.4639892578125,164780992,0,1
2016-05-27,473.02899169921875,533.4730224609375,472.6990051269531,530.0399780273438,530.0399780273438,181199008,0,1
2016-05-28,527.4769897460938,553.9600219726562,512.1790161132812,526.2329711914062,526.2329711914062,148736992,0,1
2016-05-29,528.4710083007812,544.3489990234375,522.9630126953125,533.864013671875,533.864013671875,87958704,0,1
2016-05-30,534.1909790039062,546.6179809570312,520.6619873046875,531.385986328125,531.385986328125,138450000,0,1
2016-05-31,531.1069946289062,543.0800170898438,525.635986328125,536.9199829101562,536.9199829101562,86061800,0,1
2016-06-01,536.5150146484375,540.3519897460938,533.0780029296875,537.9719848632812,537.9719848632812,60378200,0,1
2016-06-02,537.6820068359375,574.6380004882812,536.9199829101562,569.1939697265625,569.1939697265625,122020000,0,1
2016-06-03,569.7050170898438,590.1320190429688,564.2379760742188,572.7269897460938,572.7269897460938,94925296,0,1
2016-06-04,573.3079833984375,582.8079833984375,569.177978515625,574.9769897460938,574.9769897460938,68874096,0,1
2016-06-05,574.6019897460938,586.469970703125,574.6019897460938,585.5369873046875,585.5369873046875,72138896,0,1
2016-06-06,585.4450073242188,590.2589721679688,567.5139770507812,576.5969848632812,576.5969848632812,107770000,0,1
2016-06-07,577.1669921875,582.8389892578125,573.1300048828125,581.64501953125,581.64501953125,80265800,0,1
2016-06-08,582.2030029296875,582.2030029296875,570.9509887695312,574.6300048828125,574.6300048828125,71301000,0,1
2016-06-09,575.8369750976562,579.1270141601562,573.3250122070312,577.469970703125,577.469970703125,66991900,0,1
2016-06-10,578.6740112304688,607.1160278320312,578.6740112304688,606.7269897460938,606.7269897460938,82357000,0,1
2016-06-11,609.6840209960938,684.843994140625,607.0390014648438,672.7839965820312,672.7839965820312,277084992,0,1
2016-06-12,671.6539916992188,716.0040283203125,664.4869995117188,704.3759765625,704.3759765625,243295008,0,1
2016-06-13,704.5040283203125,704.5040283203125,662.8040161132812,685.5590209960938,685.5590209960938,186694000,0,1
2016-06-14,685.6849975585938,696.302978515625,672.5609741210938,694.468994140625,694.468994140625,99223800,0,1
2016-06-15,696.5230102539062,773.7219848632812,696.5230102539062,766.3079833984375,766.3079833984375,271633984,0,1
2016-06-16,768.4869995117188,775.3560180664062,716.5560302734375,748.9089965820312,748.9089965820312,363320992,0,1
2016-06-17,748.7559814453125,777.989990234375,733.9290161132812,756.2269897460938,756.2269897460938,252718000,0,1
2016-06-18,756.68798828125,766.6209716796875,745.6279907226562,763.781005859375,763.781005859375,136184992,0,1
2016-06-19,763.927001953125,764.083984375,732.7269897460938,737.2260131835938,737.2260131835938,174511008,0,1
2016-06-20,735.8829956054688,735.8829956054688,639.0700073242188,666.6519775390625,666.6519775390625,309944000,0,1
2016-06-21,665.9149780273438,678.6699829101562,587.4829711914062,596.1160278320312,596.1160278320312,266392992,0,1
2016-06-22,597.4429931640625,629.3270263671875,558.1389770507812,623.9769897460938,623.9769897460938,253462000,0,1
2016-06-23,625.5750122070312,681.7269897460938,625.27197265625,665.2990112304688,665.2990112304688,224316992,0,1
2016-06-24,665.281005859375,691.7310180664062,646.5590209960938,665.1229858398438,665.1229858398438,126656000,0,1
2016-06-25,665.9310302734375,665.97998046875,616.9340209960938,629.3670043945312,629.3670043945312,109225000,0,1
2016-06-26,629.3489990234375,655.2750244140625,620.5239868164062,655.2750244140625,655.2750244140625,122134000,0,1
2016-06-27,658.1019897460938,659.2479858398438,637.7730102539062,647.0009765625,647.0009765625,138384992,0,1
2016-06-28,644.1220092773438,644.6820068359375,628.2839965820312,639.8900146484375,639.8900146484375,142456000,0,1
2016-06-29,640.5910034179688,675.4030151367188,636.6079711914062,673.3369750976562,673.3369750976562,138980000,0,1
2016-06-30,672.5150146484375,686.1539916992188,669.593994140625,676.2960205078125,676.2960205078125,134431008,0,1
2016-07-01,676.7340087890625,703.7020263671875,676.3989868164062,703.7020263671875,703.7020263671875,112354000,0,1
2016-07-02,704.968017578125,704.968017578125,649.0089721679688,658.6640014648438,658.6640014648438,129512000,0,1
2016-07-03,658.8040161132812,683.6619873046875,650.5079956054688,683.6619873046875,683.6619873046875,92008400,0,1
2016-07-04,683.208984375,683.4910278320312,665.0659790039062,670.6270141601562,670.6270141601562,130476000,0,1
2016-07-05,670.4180297851562,681.8980102539062,670.4180297851562,677.3309936523438,677.3309936523438,134960992,0,1
2016-07-06,678.0900268554688,682.4320068359375,611.833984375,640.56201171875,640.56201171875,258091008,0,1
2016-07-07,640.68798828125,666.7069702148438,636.4669799804688,666.5230102539062,666.5230102539062,141970000,0,1
2016-07-08,666.3839721679688,666.3839721679688,633.3989868164062,650.9600219726562,650.9600219726562,180536000,0,1
2016-07-09,650.5989990234375,652.2940063476562,641.2639770507812,649.3599853515625,649.3599853515625,102532000,0,1
2016-07-10,648.4840087890625,659.6290283203125,644.97998046875,647.6589965820312,647.6589965820312,107910000,0,1
2016-07-11,648.2830200195312,675.2589721679688,646.7789916992188,664.551025390625,664.551025390625,138172992,0,1
2016-07-12,664.7969970703125,668.7000122070312,654.468017578125,654.468017578125,654.468017578125,131449000,0,1
2016-07-13,652.9229736328125,662.9019775390625,652.9229736328125,658.0780029296875,658.0780029296875,98511400,0,1
2016-07-14,659.1710205078125,667.0770263671875,659.0399780273438,663.2550048828125,663.2550048828125,81673104,0,1
2016-07-15,663.781005859375,666.4600219726562,659.333984375,660.7670288085938,660.7670288085938,50330200,0,1
2016-07-16,661.9929809570312,682.364990234375,661.9929809570312,679.458984375,679.458984375,74407904,0,1
2016-07-17,679.8090209960938,681.5549926757812,668.625,673.1060180664062,673.1060180664062,69465000,0,1
2016-07-18,672.7379760742188,673.2769775390625,667.6320190429688,672.864013671875,672.864013671875,61203300,0,1
2016-07-19,672.8060302734375,672.9290161132812,663.3599853515625,665.6849975585938,665.6849975585938,94636400,0,1
2016-07-20,665.22802734375,666.218994140625,660.4149780273438,665.0120239257812,665.0120239257812,60491800,0,1
2016-07-21,664.9219970703125,666.5830078125,646.7219848632812,650.6190185546875,650.6190185546875,134169000,0,1
2016-07-22,650.7260131835938,656.3660278320312,648.5239868164062,655.5560302734375,655.5560302734375,69532200,0,1
2016-07-23,655.4099731445312,663.1099853515625,652.7930297851562,661.2849731445312,661.2849731445312,118184000,0,1
2016-07-24,661.2630004882812,661.8280029296875,653.39501953125,654.0969848632812,654.0969848632812,78176496,0,1
2016-07-25,654.2260131835938,656.2249755859375,645.8790283203125,651.7839965820312,651.7839965820312,225135008,0,1
2016-07-26,651.6270141601562,657.4559936523438,648.447021484375,654.3519897460938,654.3519897460938,147460992,0,1
2016-07-27,654.4920043945312,657.594970703125,654.4920043945312,655.0349731445312,655.0349731445312,86428400,0,1
2016-07-28,655.1110229492188,657.7960205078125,654.7860107421875,656.9920043945312,656.9920043945312,60703500,0,1
2016-07-29,657.0120239257812,658.2230224609375,654.208984375,655.0469970703125,655.0469970703125,38456100,0,1
2016-07-30,655.0999755859375,655.2849731445312,624.364990234375,624.6810302734375,624.6810302734375,110818000,0,1
2016-07-31,624.6019897460938,626.1190185546875,605.8839721679688,606.27197265625,606.27197265625,121887000,0,1
2016-08-01,606.39697265625,612.8480224609375,531.333984375,547.4650268554688,547.4650268554688,330932992,0,1
2016-08-02,548.656005859375,573.3599853515625,541.5469970703125,566.35498046875,566.35498046875,207982000,0,1
2016-08-03,566.3289794921875,579.4959716796875,565.7769775390625,578.2890014648438,578.2890014648438,125292000,0,1
2016-08-04,578.281005859375,578.281005859375,569.9819946289062,575.0430297851562,575.0430297851562,66127900,0,1
2016-08-05,575.030029296875,588.39599609375,569.468994140625,587.7780151367188,587.7780151367188,80797296,0,1
2016-08-06,587.77099609375,597.5130004882812,586.8159790039062,592.6900024414062,592.6900024414062,82398400,0,1
2016-08-07,592.7360229492188,592.9940185546875,588.0469970703125,591.0540161132812,591.0540161132812,61194100,0,1
2016-08-08,591.0380249023438,591.0910034179688,584.7930297851562,587.801025390625,587.801025390625,92228096,0,1
2016-08-09,587.6480102539062,599.9840087890625,586.3709716796875,592.10302734375,592.10302734375,102905000,0,1
2016-08-10,592.1240234375,597.5419921875,589.1199951171875,589.1199951171875,589.1199951171875,74514400,0,1
2016-08-11,588.7979736328125,589.9099731445312,583.8109741210938,587.5590209960938,587.5590209960938,69218000,0,1
2016-08-12,587.3569946289062,589.7739868164062,584.97900390625,585.5880126953125,585.5880126953125,43563000,0,1
2016-08-13,585.5889892578125,585.666015625,564.781005859375,570.4730224609375,570.4730224609375,60851100,0,1
2016-08-14,570.4940185546875,573.5800170898438,563.239990234375,567.239990234375,567.239990234375,57262300,0,1
2016-08-15,567.2429809570312,581.7379760742188,566.7160034179688,577.4390258789062,577.4390258789062,58405200,0,1
2016-08-16,577.760986328125,580.8939819335938,571.4299926757812,573.2160034179688,573.2160034179688,54443000,0,1
2016-08-17,573.7069702148438,577.7919921875,573.4299926757812,574.3179931640625,574.3179931640625,59896600,0,1
2016-08-18,574.3389892578125,578.2379760742188,574.1820068359375,575.6300048828125,575.6300048828125,50631600,0,1
2016-08-19,576.083984375,582.8179931640625,575.4569702148438,581.697021484375,581.697021484375,45301400,0,1
2016-08-20,581.9390258789062,584.1580200195312,580.218017578125,581.3079833984375,581.3079833984375,38299400,0,1
2016-08-21,581.3109741210938,588.447998046875,580.593994140625,586.7529907226562,586.7529907226562,72844000,0,1
2016-08-22,586.77099609375,589.4739990234375,581.6339721679688,583.4149780273438,583.4149780273438,85349200,0,1
2016-08-23,583.4119873046875,583.5900268554688,579.85498046875,580.1820068359375,580.1820068359375,56328200,0,1
2016-08-24,580.1799926757812,580.4509887695312,575.1669921875,577.760986328125,577.760986328125,136130000,0,1
2016-08-25,577.7529907226562,580.6229858398438,576.8579711914062,579.6510009765625,579.6510009765625,48856800,0,1
2016-08-26,579.4520263671875,579.844970703125,568.6300048828125,569.947021484375,569.947021484375,59698300,0,1
2016-08-27,569.8300170898438,574.0380249023438,569.739990234375,573.9119873046875,573.9119873046875,86301600,0,1
2016-08-28,574.0709838867188,576.2780151367188,573.4650268554688,574.1069946289062,574.1069946289062,110398000,0,1
2016-08-29,574.114013671875,578.3569946289062,574.114013671875,577.5029907226562,577.5029907226562,70342400,0,1
2016-08-30,577.5910034179688,577.8610229492188,573.6420288085938,575.4719848632812,575.4719848632812,75840896,0,1
2016-08-31,575.5460205078125,576.3109741210938,571.8140258789062,572.302978515625,572.302978515625,76923400,0,1
2016-09-01,572.4099731445312,575.6430053710938,570.8109741210938,575.5369873046875,575.5369873046875,79910800,0,1
2016-09-02,575.5549926757812,599.5,574.0560302734375,598.2119750976562,598.2119750976562,159014000,0,1
2016-09-03,598.5900268554688,611.8369750976562,596.8480224609375,608.6339721679688,608.6339721679688,97942896,0,1
2016-09-04,608.989990234375,609.0549926757812,602.2420043945312,606.5900268554688,606.5900268554688,82446800,0,1
2016-09-05,606.5059814453125,610.8300170898438,605.0910034179688,610.4359741210938,610.4359741210938,78529104,0,1
2016-09-06,610.572998046875,614.5449829101562,608.5130004882812,614.5440063476562,614.5440063476562,75032400,0,1
2016-09-07,614.635009765625,628.77001953125,613.843994140625,626.3159790039062,626.3159790039062,86713000,0,1
2016-09-08,626.3519897460938,626.8300170898438,620.2630004882812,622.8610229492188,622.8610229492188,64550200,0,1
2016-09-09,622.927001953125,625.094970703125,622.39501953125,623.5089721679688,623.5089721679688,45016800,0,1
2016-09-10,623.4240112304688,628.8179931640625,600.5059814453125,606.718994140625,606.718994140625,73610800,0,1
2016-09-11,607.0050048828125,608.458984375,605.4110107421875,608.2429809570312,608.2429809570312,72812304,0,1
2016-09-12,608.0250244140625,611.1929931640625,606.9249877929688,609.2410278320312,609.2410278320312,86920600,0,1
2016-09-13,608.8410034179688,611.9520263671875,608.4099731445312,610.6840209960938,610.6840209960938,47877700,0,1
2016-09-14,610.5880126953125,611.0859985351562,607.155029296875,607.155029296875,607.155029296875,59464600,0,1
2016-09-15,607.2459716796875,609.260986328125,606.7349853515625,606.9730224609375,606.9730224609375,64963400,0,1
2016-09-16,607.218017578125,607.8599853515625,605.1920166015625,605.9840087890625,605.9840087890625,37140300,0,1
2016-09-17,606.2830200195312,610.1580200195312,605.8560180664062,609.8740234375,609.8740234375,48679400,0,1
2016-09-18,609.8709716796875,610.9320068359375,608.27001953125,609.2269897460938,609.2269897460938,54796400,0,1
2016-09-19,609.2540283203125,609.5250244140625,607.93798828125,608.31201171875,608.31201171875,72710896,0,1
2016-09-20,603.5880126953125,603.5880126953125,595.8829956054688,597.1489868164062,597.1489868164062,82776200,0,1
2016-09-21,597.2789916992188,598.4869995117188,596.2130126953125,596.2979736328125,596.2979736328125,67085300,0,1
2016-09-22,596.198974609375,603.2050170898438,595.7860107421875,602.8419799804688,602.8419799804688,51067000,0,1
2016-09-23,602.9609985351562,604.5800170898438,602.0449829101562,602.625,602.625,35359500,0,1
2016-09-24,602.7490234375,603.3809814453125,599.7109985351562,600.8259887695312,600.8259887695312,33977800,0,1
2016-09-25,600.8070068359375,608.1430053710938,600.3489990234375,608.0430297851562,608.0430297851562,59153800,0,1
2016-09-26,608.02197265625,608.2479858398438,604.1099853515625,606.166015625,606.166015625,49422400,0,1
2016-09-27,606.2429809570312,606.5900268554688,604.6069946289062,604.72802734375,604.72802734375,48722600,0,1
2016-09-28,605.0189819335938,606.823974609375,604.8480224609375,605.6929931640625,605.6929931640625,55658600,0,1
2016-09-29,605.7150268554688,609.7349853515625,604.1420288085938,609.7349853515625,609.7349853515625,56122400,0,1
2016-09-30,609.9290161132812,615.2369995117188,609.9290161132812,613.9829711914062,613.9829711914062,56357000,0,1
2016-10-01,613.947998046875,614.0050048828125,609.6820068359375,610.8920288085938,610.8920288085938,39249800,0,1
2016-10-02,610.968017578125,612.5679931640625,610.4550170898438,612.1329956054688,612.1329956054688,46798300,0,1
2016-10-03,612.052001953125,612.0540161132812,609.47900390625,610.2039794921875,610.2039794921875,49801600,0,1
2016-10-04,610.218017578125,613.8140258789062,609.6170043945312,612.510986328125,612.510986328125,68077504,0,1
2016-10-05,612.469970703125,613.8189697265625,611.468994140625,613.02099609375,613.02099609375,56812100,0,1
2016-10-06,612.6079711914062,617.9119873046875,611.8209838867188,617.1209716796875,617.1209716796875,64071400,0,1
2016-10-07,617.3410034179688,619.8489990234375,617.3410034179688,619.1079711914062,619.1079711914062,42345900,0,1
2016-10-08,619.1719970703125,619.197998046875,616.6069946289062,616.7520141601562,616.7520141601562,39243400,0,1
2016-10-09,616.822021484375,621.3179931640625,616.197021484375,618.9940185546875,618.9940185546875,67481104,0,1
2016-10-10,619.2379760742188,642.0800170898438,618.5,641.072021484375,641.072021484375,103590000,0,1
2016-10-11,640.8709716796875,641.3369750976562,635.9650268554688,636.1920166015625,636.1920166015625,92370200,0,1
2016-10-12,636.030029296875,638.8330078125,635.0289916992188,636.7860107421875,636.7860107421875,61620700,0,1
2016-10-13,637.0079956054688,641.2849731445312,637.0079956054688,640.3779907226562,640.3779907226562,58144600,0,1
2016-10-14,640.3109741210938,642.1019897460938,637.3900146484375,638.64599609375,638.64599609375,39035400,0,1
2016-10-15,639.0830078125,642.8980102539062,638.9010009765625,641.6309814453125,641.6309814453125,40298100,0,1
2016-10-16,641.8179931640625,642.3280029296875,638.6630249023438,639.1929931640625,639.1929931640625,58063600,0,1
2016-10-17,639.4110107421875,640.7360229492188,635.9959716796875,637.9600219726562,637.9600219726562,65546700,0,1
2016-10-18,638.1339721679688,638.8740234375,628.0130004882812,630.52001953125,630.52001953125,69381696,0,1
2016-10-19,630.6630249023438,631.9169921875,628.2579956054688,630.8569946289062,630.8569946289062,56957300,0,1
2016-10-20,630.8250122070312,634.093994140625,630.6939697265625,632.8280029296875,632.8280029296875,55951000,0,1
2016-10-21,633.135986328125,658.197021484375,632.8499755859375,657.2940063476562,657.2940063476562,78556496,0,1
2016-10-22,657.6209716796875,661.1290283203125,653.885986328125,657.0709838867188,657.0709838867188,54474600,0,1
2016-10-23,657.1610107421875,657.2520141601562,652.594970703125,653.760986328125,653.760986328125,62218200,0,1
2016-10-24,654.0020141601562,664.4240112304688,653.697998046875,657.5880126953125,657.5880126953125,90378800,0,1
2016-10-25,657.677978515625,679.72802734375,657.677978515625,678.3040161132812,678.3040161132812,88877104,0,1
2016-10-26,678.2139892578125,688.593994140625,678.0399780273438,688.31298828125,688.31298828125,96105296,0,1
2016-10-27,688.0,690.4439697265625,684.1619873046875,689.6510009765625,689.6510009765625,81145504,0,1
2016-10-28,690.2890014648438,720.4019775390625,690.052001953125,714.47900390625,714.47900390625,134760992,0,1
2016-10-29,714.1179809570312,714.1179809570312,696.4749755859375,701.864013671875,701.864013671875,100665000,0,1
2016-10-31,702.6400146484375,709.2890014648438,691.6820068359375,700.9719848632812,700.9719848632812,97064400,0,1
2016-11-01,701.3369750976562,736.4520263671875,701.3369750976562,729.7930297851562,729.7930297851562,130527000,0,1
2016-11-02,730.0659790039062,740.8289794921875,722.3489990234375,740.8289794921875,740.8289794921875,84865200,0,1
2016-11-03,742.3460083007812,745.7730102539062,678.156005859375,688.7000122070312,688.7000122070312,172808000,0,1
2016-11-04,689.1240234375,706.9299926757812,685.56298828125,703.2349853515625,703.2349853515625,99907696,0,1
2016-11-05,703.5250244140625,707.510009765625,697.739013671875,703.4180297851562,703.4180297851562,53752300,0,1
2016-11-06,703.81201171875,714.2579956054688,699.5599975585938,711.52197265625,711.52197265625,59902200,0,1
2016-11-07,710.7360229492188,710.7360229492188,699.9030151367188,703.1309814453125,703.1309814453125,65047100,0,1
2016-11-08,703.0889892578125,712.9869995117188,702.3900146484375,709.8480224609375,709.8480224609375,79660800,0,1
2016-11-09,709.8250122070312,740.0460205078125,708.6099853515625,723.2730102539062,723.2730102539062,132429000,0,1
2016-11-10,722.843994140625,723.0180053710938,711.2100219726562,715.5339965820312,715.5339965820312,68807800,0,1
2016-11-11,715.5549926757812,718.3179931640625,714.4099731445312,716.4110107421875,716.4110107421875,63119700,0,1
2016-11-12,716.7520141601562,717.1480102539062,704.0349731445312,705.0540161132812,705.0540161132812,64622500,0,1
2016-11-13,705.1959838867188,705.2570190429688,687.3150024414062,702.031005859375,702.031005859375,80318096,0,1
2016-11-14,701.9970092773438,706.2839965820312,699.8079833984375,705.02099609375,705.02099609375,62993000,0,1
2016-11-15,705.7940063476562,715.718017578125,705.260009765625,711.6190185546875,711.6190185546875,72038496,0,1
2016-11-16,711.1669921875,747.614990234375,709.0390014648438,744.197998046875,744.197998046875,141294000,0,1
2016-11-17,744.8759765625,755.64501953125,739.510986328125,740.9769897460938,740.9769897460938,108579000,0,1
2016-11-18,740.7050170898438,752.8820190429688,736.8900146484375,751.5850219726562,751.5850219726562,87363104,0,1
2016-11-19,751.8330078125,756.2369995117188,744.4669799804688,751.6160278320312,751.6160278320312,110608000,0,1
2016-11-20,751.8790283203125,755.47998046875,717.9439697265625,731.0260009765625,731.0260009765625,154116000,0,1
2016-11-21,731.2650146484375,741.7219848632812,730.510009765625,739.2479858398438,739.2479858398438,60802400,0,1
2016-11-22,739.6430053710938,753.8699951171875,736.5269775390625,751.3469848632812,751.3469848632812,129906000,0,1
2016-11-23,751.7410278320312,752.25,738.9240112304688,744.593994140625,744.593994140625,76543800,0,1
2016-11-24,744.6199951171875,746.8319702148438,733.489990234375,740.2890014648438,740.2890014648438,85919296,0,1
2016-11-25,740.4420166015625,741.6489868164062,734.5910034179688,741.6489868164062,741.6489868164062,67807600,0,1
2016-11-26,741.510986328125,742.2139892578125,729.625,735.3820190429688,735.3820190429688,54962700,0,1
2016-11-27,735.43701171875,739.0180053710938,731.0850219726562,732.0349731445312,732.0349731445312,52601800,0,1
2016-11-28,732.4840087890625,738.0059814453125,732.4840087890625,735.81298828125,735.81298828125,61888600,0,1
2016-11-29,736.3289794921875,737.4710083007812,734.5590209960938,735.60400390625,735.60400390625,68511104,0,1
2016-11-30,736.2839965820312,747.9290161132812,736.2650146484375,745.6909790039062,745.6909790039062,84070800,0,1
2016-12-01,746.0460205078125,758.2750244140625,746.0460205078125,756.7739868164062,756.7739868164062,80461904,0,1
2016-12-02,757.5449829101562,781.2960205078125,757.5449829101562,777.9439697265625,777.9439697265625,127605000,0,1
2016-12-03,778.2479858398438,778.2479858398438,764.8560180664062,771.155029296875,771.155029296875,69547296,0,1
2016-12-04,771.6380004882812,773.8720092773438,768.1610107421875,773.8720092773438,773.8720092773438,60557900,0,1
2016-12-05,773.3939819335938,773.468017578125,751.7130126953125,758.7000122070312,758.7000122070312,106363000,0,1
2016-12-06,758.719970703125,765.6220092773438,758.719970703125,764.2239990234375,764.2239990234375,116218000,0,1
2016-12-07,764.2109985351562,771.5430297851562,759.75,768.1320190429688,768.1320190429688,96426096,0,1
2016-12-08,768.0759887695312,774.697998046875,765.9459838867188,770.8099975585938,770.8099975585938,80111904,0,1
2016-12-09,769.9439697265625,774.5280151367188,769.6489868164062,772.7940063476562,772.7940063476562,68705296,0,1
2016-12-10,773.0230102539062,777.0919799804688,772.9099731445312,774.6500244140625,774.6500244140625,53843100,0,1
2016-12-11,774.7520141601562,774.7979736328125,765.4119873046875,769.7310180664062,769.7310180664062,57313400,0,1
2016-12-12,770.0399780273438,781.9219970703125,770.0399780273438,780.0869750976562,780.0869750976562,76571000,0,1
2016-12-13,780.64697265625,788.4600219726562,777.9619750976562,780.5560302734375,780.5560302734375,81645600,0,1
2016-12-14,780.0050048828125,782.0339965820312,776.8389892578125,781.4810180664062,781.4810180664062,75979000,0,1
2016-12-15,780.0700073242188,781.4349975585938,777.802001953125,778.0880126953125,778.0880126953125,81580096,0,1
2016-12-16,778.9630126953125,785.031982421875,778.9630126953125,784.906982421875,784.906982421875,83608200,0,1
2016-12-17,785.166015625,792.5089721679688,784.864013671875,790.8289794921875,790.8289794921875,78989800,0,1
2016-12-18,791.0079956054688,794.7369995117188,788.0260009765625,790.530029296875,790.530029296875,60524400,0,1
2016-12-19,790.6920166015625,793.6110229492188,790.3200073242188,792.7139892578125,792.7139892578125,74886400,0,1
2016-12-20,792.2470092773438,801.3369750976562,791.4970092773438,800.8759765625,800.8759765625,99629296,0,1
2016-12-21,800.6439819335938,834.281005859375,799.405029296875,834.281005859375,834.281005859375,155576000,0,1
2016-12-22,834.1799926757812,875.781982421875,834.1489868164062,864.5399780273438,864.5399780273438,200027008,0,1
2016-12-23,864.8880004882812,925.1170043945312,864.677001953125,921.9840087890625,921.9840087890625,275564000,0,1
2016-12-24,922.1799926757812,923.47900390625,886.3350219726562,898.822021484375,898.822021484375,137727008,0,1
2016-12-25,899.6519775390625,899.6519775390625,862.4240112304688,896.1829833984375,896.1829833984375,143664992,0,1
2016-12-26,896.905029296875,913.1840209960938,896.8980102539062,907.6099853515625,907.6099853515625,123771000,0,1
2016-12-27,908.35400390625,940.0479736328125,904.2550048828125,933.197998046875,933.197998046875,167308000,0,1
2016-12-28,934.8309936523438,975.9210205078125,934.8309936523438,975.9210205078125,975.9210205078125,236630000,0,1
2016-12-29,975.125,979.39697265625,954.5029907226562,973.4970092773438,973.4970092773438,199320000,0,1
2016-12-30,972.5349731445312,972.5349731445312,934.8330078125,961.2379760742188,961.2379760742188,187474000,0,1
2016-12-31,960.6270141601562,963.7429809570312,947.2360229492188,963.7429809570312,963.7429809570312,99135104,0,1
2017-01-01,963.6580200195312,1003.0800170898438,958.698974609375,998.3250122070312,998.3250122070312,147775008,0,1
2017-01-02,998.6170043945312,1031.3900146484375,996.7020263671875,1021.75,1021.75,222184992,0,1
2017-01-03,1021.5999755859375,1044.0799560546875,1021.5999755859375,1043.8399658203125,1043.8399658203125,185168000,0,1
2017-01-04,1044.4000244140625,1159.4200439453125,1044.4000244140625,1154.72998046875,1154.72998046875,344945984,0,1
2017-01-05,1156.72998046875,1191.0999755859375,910.4169921875,1013.3800048828125,1013.3800048828125,510199008,0,1
2017-01-06,1014.239990234375,1046.81005859375,883.9439697265625,902.2009887695312,902.2009887695312,351876000,0,1
2017-01-07,903.4869995117188,908.5850219726562,823.5560302734375,908.5850219726562,908.5850219726562,279550016,0,1
2017-01-08,908.1749877929688,942.7239990234375,887.2490234375,911.198974609375,911.198974609375,158715008,0,1
2017-01-09,913.2440185546875,913.6859741210938,879.8070068359375,902.8280029296875,902.8280029296875,141876992,0,1
2017-01-10,902.4400024414062,914.8729858398438,901.0599975585938,907.6790161132812,907.6790161132812,115808000,0,1
2017-01-11,908.114990234375,919.447998046875,762.7650146484375,777.7570190429688,777.7570190429688,310928992,0,1
2017-01-12,775.177978515625,826.2459716796875,755.7559814453125,804.833984375,804.833984375,222326000,0,1
2017-01-13,803.7369995117188,829.0009765625,780.0029907226562,823.9840087890625,823.9840087890625,168968000,0,1
2017-01-14,825.1420288085938,835.0850219726562,812.4559936523438,818.4119873046875,818.4119873046875,93063296,0,1
2017-01-15,818.1420288085938,823.3070068359375,812.8709716796875,821.7979736328125,821.7979736328125,71013600,0,1
2017-01-16,821.7830200195312,834.530029296875,820.27099609375,831.5339965820312,831.5339965820312,82755200,0,1
2017-01-17,830.9459838867188,910.5609741210938,830.7960205078125,907.93798828125,907.93798828125,155095008,0,1
2017-01-18,909.3729858398438,917.4990234375,858.3040161132812,886.6179809570312,886.6179809570312,225676992,0,1
2017-01-19,888.3350219726562,904.614013671875,884.3380126953125,899.072998046875,899.072998046875,105625000,0,1
2017-01-20,898.1719970703125,899.3980102539062,887.0079956054688,895.0260009765625,895.0260009765625,86728400,0,1
2017-01-21,895.5490112304688,927.3670043945312,895.5349731445312,921.7890014648438,921.7890014648438,111158000,0,1
2017-01-22,922.2050170898438,937.5250244140625,897.5640258789062,924.6729736328125,924.6729736328125,116573000,0,1
2017-01-23,925.4990234375,928.2659912109375,916.7379760742188,921.0120239257812,921.0120239257812,73588600,0,1
2017-01-24,910.677001953125,924.14501953125,892.2860107421875,892.68701171875,892.68701171875,111349000,0,1
2017-01-25,891.9240112304688,903.2520141601562,891.68701171875,901.5419921875,901.5419921875,120831000,0,1
2017-01-26,902.39501953125,919.3259887695312,902.2239990234375,917.5859985351562,917.5859985351562,131958000,0,1
2017-01-27,918.3590087890625,923.2230224609375,915.8460083007812,919.75,919.75,125594000,0,1
2017-01-28,919.8109741210938,923.9110107421875,919.8109741210938,921.5900268554688,921.5900268554688,68979600,0,1
2017-01-29,922.0670166015625,923.4180297851562,919.1480102539062,919.4959716796875,919.4959716796875,60851700,0,1
2017-01-30,920.1510009765625,923.0479736328125,919.4739990234375,920.3820190429688,920.3820190429688,78227296,0,1
2017-01-31,920.958984375,972.0189819335938,920.958984375,970.4030151367188,970.4030151367188,164582000,0,1
2017-02-01,970.9409790039062,989.114013671875,970.7420043945312,989.0230102539062,989.0230102539062,150110000,0,1
2017-02-02,990.0009765625,1013.52001953125,983.2210083007812,1011.7999877929688,1011.7999877929688,145820992,0,1
2017-02-03,1011.4600219726562,1033.8699951171875,1008.7899780273438,1029.9100341796875,1029.9100341796875,201278000,0,1
2017-02-04,1031.3299560546875,1045.9000244140625,1015.1599731445312,1042.9000244140625,1042.9000244140625,155064000,0,1
2017-02-05,1043.52001953125,1043.6300048828125,1022.3699951171875,1027.3399658203125,1027.3399658203125,114208000,0,1
2017-02-06,1028.4000244140625,1044.6400146484375,1028.1600341796875,1038.1500244140625,1038.1500244140625,111762000,0,1
2017-02-07,1040.1400146484375,1061.9300537109375,1040.1400146484375,1061.3499755859375,1061.3499755859375,146007008,0,1
2017-02-08,1062.3199462890625,1078.969970703125,1037.489990234375,1063.0699462890625,1063.0699462890625,201855008,0,1
2017-02-09,1064.699951171875,1088.989990234375,953.343994140625,994.3829956054688,994.3829956054688,407220000,0,1
2017-02-10,995.6320190429688,998.905029296875,946.6909790039062,988.6740112304688,988.6740112304688,190452000,0,1
2017-02-11,988.8980102539062,1009.2899780273438,982.8300170898438,1004.4500122070312,1004.4500122070312,102261000,0,1
2017-02-12,1003.52001953125,1004.760009765625,996.9210205078125,999.1810302734375,999.1810302734375,67530000,0,1
2017-02-13,998.885009765625,1002.0999755859375,976.0020141601562,990.6420288085938,990.6420288085938,100607000,0,1
2017-02-14,991.7349853515625,1011.510009765625,986.4710083007812,1004.5499877929688,1004.5499877929688,137946000,0,1
2017-02-15,1006.2100219726562,1008.8400268554688,1001.5800170898438,1007.47998046875,1007.47998046875,89759400,0,1
2017-02-16,1007.6500244140625,1033.3699951171875,1007.6500244140625,1027.43994140625,1027.43994140625,122277000,0,1
2017-02-17,1026.1199951171875,1053.1700439453125,1025.6400146484375,1046.2099609375,1046.2099609375,136474000,0,1
2017-02-18,1049.2099609375,1061.0999755859375,1046.9599609375,1054.4200439453125,1054.4200439453125,99073504,0,1
2017-02-19,1054.760009765625,1056.81005859375,1043.4599609375,1047.8699951171875,1047.8699951171875,77423296,0,1
2017-02-20,1048.68994140625,1080.489990234375,1041.68994140625,1079.97998046875,1079.97998046875,109478000,0,1
2017-02-21,1079.280029296875,1117.25,1076.9300537109375,1115.300048828125,1115.300048828125,186868992,0,1
2017-02-22,1114.800048828125,1125.3900146484375,1100.550048828125,1117.43994140625,1117.43994140625,136100000,0,1
2017-02-23,1117.27001953125,1176.6199951171875,1116.9599609375,1166.719970703125,1166.719970703125,189454000,0,1
2017-02-24,1172.7099609375,1200.3900146484375,1131.9599609375,1173.6800537109375,1173.6800537109375,330759008,0,1
2017-02-25,1170.4100341796875,1174.8499755859375,1124.5899658203125,1143.8399658203125,1143.8399658203125,139960992,0,1
2017-02-26,1144.27001953125,1167.469970703125,1130.199951171875,1165.199951171875,1165.199951171875,116486000,0,1
2017-02-27,1163.780029296875,1181.97998046875,1163.3800048828125,1179.969970703125,1179.969970703125,131570000,0,1
2017-02-28,1180.719970703125,1193.25,1171.8199462890625,1179.969970703125,1179.969970703125,184956000,0,1
2017-03-01,1180.0400390625,1222.5,1179.68994140625,1222.5,1222.5,229056992,0,1
2017-03-02,1224.6800537109375,1262.1300048828125,1215.6199951171875,1251.010009765625,1251.010009765625,368275008,0,1
2017-03-03,1250.7099609375,1280.31005859375,1250.7099609375,1274.989990234375,1274.989990234375,315739008,0,1
2017-03-04,1277.4300537109375,1279.4000244140625,1230.510009765625,1255.1500244140625,1255.1500244140625,183270000,0,1
2017-03-05,1254.2900390625,1267.2900390625,1238.06005859375,1267.1199951171875,1267.1199951171875,134127000,0,1
2017-03-06,1267.469970703125,1276.0,1264.5999755859375,1272.8299560546875,1272.8299560546875,153656992,0,1
2017-03-07,1273.2099609375,1275.550048828125,1204.800048828125,1223.5400390625,1223.5400390625,291256000,0,1
2017-03-08,1223.22998046875,1232.1600341796875,1148.0799560546875,1150.0,1150.0,332603008,0,1
2017-03-09,1150.3499755859375,1197.4599609375,1141.22998046875,1188.489990234375,1188.489990234375,212283008,0,1
2017-03-10,1189.3599853515625,1270.469970703125,1077.25,1116.719970703125,1116.719970703125,563795968,0,1
2017-03-11,1116.3199462890625,1193.8299560546875,1116.3199462890625,1175.8299560546875,1175.8299560546875,283320000,0,1
2017-03-12,1176.6199951171875,1226.97998046875,1175.3599853515625,1221.3800048828125,1221.3800048828125,227176000,0,1
2017-03-13,1221.780029296875,1237.3699951171875,1217.030029296875,1231.9200439453125,1231.9200439453125,380276992,0,1
2017-03-14,1232.1600341796875,1244.81005859375,1220.719970703125,1240.0,1240.0,245306000,0,1
2017-03-15,1240.1600341796875,1251.6099853515625,1239.75,1249.6099853515625,1249.6099853515625,297804992,0,1
2017-03-16,1251.3299560546875,1257.97998046875,1152.43994140625,1187.81005859375,1187.81005859375,638568000,0,1
2017-03-17,1180.1600341796875,1180.1600341796875,1099.5699462890625,1100.22998046875,1100.22998046875,706598976,0,1
2017-03-18,1099.68994140625,1114.0699462890625,957.655029296875,973.8179931640625,973.8179931640625,621302016,0,1
2017-03-19,976.72998046875,1069.9100341796875,976.72998046875,1036.739990234375,1036.739990234375,406648000,0,1
2017-03-20,1037.239990234375,1063.030029296875,1036.6800537109375,1054.22998046875,1054.22998046875,286529984,0,1
2017-03-21,1055.3599853515625,1122.4300537109375,1055.3599853515625,1120.5400390625,1120.5400390625,337391008,0,1
2017-03-22,1120.6500244140625,1120.6500244140625,1014.2100219726562,1049.1400146484375,1049.1400146484375,380840992,0,1
2017-03-23,1050.050048828125,1058.010009765625,1028.9300537109375,1038.5899658203125,1038.5899658203125,248540000,0,1
2017-03-24,1038.449951171875,1040.469970703125,934.3579711914062,937.52001953125,937.52001953125,491038016,0,1
2017-03-25,936.5399780273438,975.760986328125,903.7130126953125,972.7789916992188,972.7789916992188,435803008,0,1
2017-03-26,974.0150146484375,1007.9600219726562,954.1859741210938,966.7249755859375,966.7249755859375,303668000,0,1
2017-03-26,972.0549926757812,1046.4000244140625,971.9840087890625,1045.77001953125,1045.77001953125,372535008,0,1
2017-03-27,1044.5799560546875,1064.6500244140625,1027.72998046875,1047.1500244140625,1047.1500244140625,326332000,0,1
2017-03-28,1046.0799560546875,1055.1300048828125,1015.8800048828125,1039.969970703125,1039.969970703125,298457984,0,1
2017-03-29,1042.2099609375,1049.2900390625,1020.0399780273438,1026.4300537109375,1026.4300537109375,352968992,0,1
2017-03-30,1026.6400146484375,1074.9200439453125,1026.6400146484375,1071.7900390625,1071.7900390625,447287008,0,1
2017-03-31,1071.7099609375,1091.719970703125,1061.0899658203125,1080.5,1080.5,289633984,0,1
2017-04-01,1080.6099853515625,1107.5899658203125,1075.449951171875,1102.1700439453125,1102.1700439453125,514187008,0,1
2017-04-02,1102.949951171875,1151.739990234375,1102.949951171875,1143.81005859375,1143.81005859375,580444032,0,1
2017-04-03,1145.52001953125,1156.43994140625,1120.52001953125,1133.25,1133.25,436310016,0,1
2017-04-04,1134.1400146484375,1135.0899658203125,1113.6300048828125,1124.780029296875,1124.780029296875,414784000,0,1
2017-04-05,1125.81005859375,1188.3699951171875,1125.81005859375,1182.6800537109375,1182.6800537109375,511222016,0,1
2017-04-06,1178.93994140625,1186.5799560546875,1163.3900146484375,1176.9000244140625,1176.9000244140625,317022016,0,1
2017-04-07,1172.6500244140625,1184.97998046875,1162.5799560546875,1175.949951171875,1175.949951171875,209312000,0,1
2017-04-08,1176.5699462890625,1197.2099609375,1171.8599853515625,1187.8699951171875,1187.8699951171875,242343008,0,1
2017-04-09,1187.300048828125,1190.3399658203125,1179.0400390625,1187.1300048828125,1187.1300048828125,215883008,0,1
2017-04-10,1187.4599609375,1208.0699462890625,1187.4599609375,1205.010009765625,1205.010009765625,216182000,0,1
2017-04-11,1204.81005859375,1207.1400146484375,1196.760009765625,1200.3699951171875,1200.3699951171875,288702016,0,1
2017-04-12,1201.02001953125,1205.8900146484375,1156.43994140625,1169.280029296875,1169.280029296875,351968992,0,1
2017-04-13,1170.3299560546875,1190.800048828125,1159.7900390625,1167.5400390625,1167.5400390625,254827008,0,1
2017-04-14,1167.300048828125,1188.0,1164.9599609375,1172.52001953125,1172.52001953125,203559008,0,1
2017-04-15,1172.6099853515625,1187.219970703125,1172.6099853515625,1182.93994140625,1182.93994140625,183231008,0,1
2017-04-16,1183.25,1194.9000244140625,1172.6500244140625,1193.9100341796875,1193.9100341796875,253206000,0,1
2017-04-17,1193.77001953125,1217.5699462890625,1193.77001953125,1211.6700439453125,1211.6700439453125,270524000,0,1
2017-04-18,1212.1300048828125,1215.510009765625,1205.0799560546875,1210.2900390625,1210.2900390625,288060992,0,1
2017-04-19,1211.0799560546875,1240.7900390625,1208.4100341796875,1229.0799560546875,1229.0799560546875,315108000,0,1
2017-04-20,1229.4200439453125,1235.93994140625,1215.56005859375,1222.050048828125,1222.050048828125,272167008,0,1
2017-04-21,1222.7099609375,1235.56005859375,1208.469970703125,1231.7099609375,1231.7099609375,249320000,0,1
2017-04-22,1231.9200439453125,1232.199951171875,1203.93994140625,1207.2099609375,1207.2099609375,258951008,0,1
2017-04-23,1209.6300048828125,1250.93994140625,1209.6300048828125,1250.1500244140625,1250.1500244140625,235806000,0,1
2017-04-24,1250.449951171875,1267.5799560546875,1249.969970703125,1265.489990234375,1265.489990234375,242556000,0,1
2017-04-25,1265.989990234375,1294.8299560546875,1265.9300537109375,1281.0799560546875,1281.0799560546875,329631008,0,1
2017-04-26,1281.8800048828125,1319.699951171875,1281.300048828125,1317.72998046875,1317.72998046875,449196992,0,1
2017-04-27,1317.739990234375,1331.280029296875,1292.3699951171875,1316.47998046875,1316.47998046875,527488992,0,1
2017-04-28,1317.8399658203125,1327.199951171875,1315.2099609375,1321.7900390625,1321.7900390625,422705984,0,1
2017-04-29,1321.8699951171875,1347.9100341796875,1314.9200439453125,1347.8900146484375,1347.8900146484375,413115008,0,1
2017-04-30,1348.300048828125,1434.3199462890625,1348.300048828125,1421.5999755859375,1421.5999755859375,713624000,0,1
2017-05-01,1421.030029296875,1473.9000244140625,1415.68994140625,1452.8199462890625,1452.8199462890625,477337984,0,1
2017-05-02,1453.780029296875,1492.77001953125,1447.489990234375,1490.0899658203125,1490.0899658203125,583795968,0,1
2017-05-03,1490.719970703125,1608.9100341796875,1490.719970703125,1537.6700439453125,1537.6700439453125,933548992,0,1
2017-05-04,1540.8699951171875,1618.030029296875,1530.31005859375,1555.449951171875,1555.449951171875,946035968,0,1
2017-05-05,1556.81005859375,1578.800048828125,1542.5,1578.800048828125,1578.800048828125,582529984,0,1
2017-05-06,1579.469970703125,1596.719970703125,1559.760009765625,1596.7099609375,1596.7099609375,1080029952,0,1
2017-05-07,1596.9200439453125,1723.3499755859375,1596.9200439453125,1723.3499755859375,1723.3499755859375,1340320000,0,1
2017-05-08,1723.8900146484375,1833.489990234375,1716.300048828125,1755.3599853515625,1755.3599853515625,1167920000,0,1
2017-05-09,1756.52001953125,1788.43994140625,1719.0999755859375,1787.1300048828125,1787.1300048828125,915723008,0,1
2017-05-10,1780.3699951171875,1873.9300537109375,1755.3499755859375,1848.5699462890625,1848.5699462890625,799489984,0,1
2017-05-11,1845.760009765625,1856.1500244140625,1694.010009765625,1724.239990234375,1724.239990234375,740984000,0,1
2017-05-12,1723.1199951171875,1812.989990234375,1651.0799560546875,1804.9100341796875,1804.9100341796875,579635008,0,1
2017-05-13,1800.8599853515625,1831.4200439453125,1776.6199951171875,1808.9100341796875,1808.9100341796875,437196000,0,1
2017-05-14,1808.43994140625,1812.800048828125,1708.5400390625,1738.4300537109375,1738.4300537109375,731529024,0,1
2017-05-15,1741.699951171875,1785.93994140625,1686.5400390625,1734.449951171875,1734.449951171875,959044992,0,1
2017-05-16,1726.72998046875,1864.050048828125,1661.9100341796875,1839.0899658203125,1839.0899658203125,1064729984,0,1
2017-05-17,1818.699951171875,1904.47998046875,1807.1199951171875,1888.6500244140625,1888.6500244140625,894321024,0,1
2017-05-18,1897.3699951171875,2004.52001953125,1890.25,1987.7099609375,1987.7099609375,1157289984,0,1
2017-05-19,1984.239990234375,2084.72998046875,1974.9200439453125,2084.72998046875,2084.72998046875,961336000,0,1
2017-05-20,2067.030029296875,2119.080078125,2037.5,2041.199951171875,2041.199951171875,1147859968,0,1
2017-05-21,2043.18994140625,2303.89990234375,2017.8699951171875,2173.39990234375,2173.39990234375,1942220032,0,1
2017-05-22,2191.56005859375,2320.820068359375,2178.5,2320.419921875,2320.419921875,1378749952,0,1
2017-05-23,2321.3701171875,2523.719970703125,2321.3701171875,2443.639892578125,2443.639892578125,1725379968,0,1
2017-05-24,2446.239990234375,2763.7099609375,2285.300048828125,2304.97998046875,2304.97998046875,2406700032,0,1
2017-05-25,2320.889892578125,2573.7900390625,2071.989990234375,2202.419921875,2202.419921875,1763480064,0,1
2017-05-26,2196.27001953125,2260.199951171875,1855.8299560546875,2038.8699951171875,2038.8699951171875,1700480000,0,1
2017-05-27,2054.080078125,2267.340087890625,2054.080078125,2155.800048828125,2155.800048828125,1147139968,0,1
2017-05-28,2159.429931640625,2307.050048828125,2107.169921875,2255.610107421875,2255.610107421875,994625024,0,1
2017-05-29,2255.360107421875,2301.9599609375,2124.570068359375,2175.469970703125,2175.469970703125,1443970048,0,1
2017-05-30,2187.18994140625,2311.080078125,2145.570068359375,2286.409912109375,2286.409912109375,1544829952,0,1
2017-05-31,2288.330078125,2448.389892578125,2288.330078125,2407.8798828125,2407.8798828125,1653180032,0,1
2017-06-01,2404.030029296875,2488.550048828125,2373.320068359375,2488.550048828125,2488.550048828125,1317030016,0,1
2017-06-02,2493.719970703125,2581.909912109375,2423.570068359375,2515.35009765625,2515.35009765625,1514950016,0,1
2017-06-03,2547.7900390625,2585.889892578125,2452.5400390625,2511.81005859375,2511.81005859375,1355120000,0,1
2017-06-04,2512.39990234375,2686.81005859375,2510.219970703125,2686.81005859375,2686.81005859375,1369309952,0,1
2017-06-05,2690.840087890625,2999.909912109375,2690.840087890625,2863.199951171875,2863.199951171875,2089609984,0,1
2017-06-06,2869.3798828125,2869.3798828125,2700.56005859375,2732.159912109375,2732.159912109375,1517709952,0,1
2017-06-07,2720.489990234375,2815.300048828125,2670.949951171875,2805.6201171875,2805.6201171875,1281170048,0,1
2017-06-08,2807.43994140625,2901.7099609375,2795.6201171875,2823.81005859375,2823.81005859375,1348950016,0,1
2017-06-09,2828.139892578125,2950.989990234375,2746.550048828125,2947.7099609375,2947.7099609375,2018889984,0,1
2017-06-10,2942.409912109375,2996.60009765625,2840.530029296875,2958.110107421875,2958.110107421875,1752400000,0,1
2017-06-11,2953.219970703125,2997.260009765625,2518.56005859375,2659.6298828125,2659.6298828125,2569530112,0,1
2017-06-12,2680.909912109375,2789.0400390625,2650.3798828125,2717.02001953125,2717.02001953125,1781200000,0,1
2017-06-13,2716.8798828125,2786.830078125,2412.93994140625,2506.3701171875,2506.3701171875,1696560000,0,1
2017-06-14,2499.580078125,2534.7099609375,2212.9599609375,2464.580078125,2464.580078125,2026259968,0,1
2017-06-15,2469.570068359375,2539.919921875,2385.14990234375,2518.56005859375,2518.56005859375,1195190016,0,1
2017-06-16,2514.010009765625,2685.18994140625,2484.9599609375,2655.8798828125,2655.8798828125,1534509952,0,1
2017-06-17,2655.35009765625,2662.10009765625,2516.330078125,2548.2900390625,2548.2900390625,1178659968,0,1
2017-06-18,2549.030029296875,2662.85009765625,2549.030029296875,2589.60009765625,2589.60009765625,1446840064,0,1
2017-06-19,2591.260009765625,2763.449951171875,2589.820068359375,2721.7900390625,2721.7900390625,1854189952,0,1
2017-06-20,2709.429931640625,2772.010009765625,2660.39990234375,2689.10009765625,2689.10009765625,1626579968,0,1
2017-06-21,2691.030029296875,2723.739990234375,2642.360107421875,2705.409912109375,2705.409912109375,1097939968,0,1
2017-06-22,2707.340087890625,2765.169921875,2706.3701171875,2744.909912109375,2744.909912109375,961318976,0,1
2017-06-23,2738.52001953125,2757.93994140625,2583.18994140625,2608.719970703125,2608.719970703125,982750016,0,1
2017-06-24,2607.25,2682.260009765625,2552.1201171875,2589.409912109375,2589.409912109375,1161100032,0,1
2017-06-25,2590.570068359375,2615.25,2376.2900390625,2478.449951171875,2478.449951171875,1663280000,0,1
2017-06-26,2478.449951171875,2552.449951171875,2332.989990234375,2552.449951171875,2552.449951171875,1489789952,0,1
2017-06-27,2553.030029296875,2603.97998046875,2484.419921875,2574.7900390625,2574.7900390625,1183869952,0,1
2017-06-28,2567.56005859375,2588.830078125,2510.47998046875,2539.320068359375,2539.320068359375,949979008,0,1
2017-06-29,2539.239990234375,2559.25,2478.429931640625,2480.840087890625,2480.840087890625,860273024,0,1
2017-06-30,2492.60009765625,2515.27001953125,2419.22998046875,2434.550048828125,2434.550048828125,779913984,0,1
2017-07-01,2436.39990234375,2514.280029296875,2394.840087890625,2506.469970703125,2506.469970703125,803747008,0,1
2017-07-02,2498.56005859375,2595.0,2480.469970703125,2564.06005859375,2564.06005859375,964112000,0,1
2017-07-03,2561.0,2631.590087890625,2559.35009765625,2601.639892578125,2601.639892578125,985516032,0,1
2017-07-04,2602.8701171875,2622.64990234375,2538.550048828125,2601.989990234375,2601.989990234375,941566016,0,1
2017-07-05,2608.10009765625,2616.719970703125,2581.68994140625,2608.56005859375,2608.56005859375,761956992,0,1
2017-07-06,2608.590087890625,2916.139892578125,2498.8701171875,2518.659912109375,2518.659912109375,917411968,0,1
2017-07-07,2520.27001953125,2571.340087890625,2492.31005859375,2571.340087890625,2571.340087890625,733329984,0,1
2017-07-08,2572.610107421875,2635.489990234375,2517.590087890625,2518.43994140625,2518.43994140625,527856000,0,1
2017-07-09,2525.25,2537.159912109375,2321.1298828125,2372.56005859375,2372.56005859375,1111200000,0,1
2017-07-10,2385.889892578125,2413.469970703125,2296.81005859375,2337.7900390625,2337.7900390625,1329760000,0,1
2017-07-11,2332.77001953125,2423.7099609375,2275.139892578125,2398.840087890625,2398.840087890625,1117410048,0,1
2017-07-12,2402.699951171875,2425.219970703125,2340.830078125,2357.89990234375,2357.89990234375,835769984,0,1
2017-07-13,2360.590087890625,2363.25,2183.219970703125,2233.340087890625,2233.340087890625,882502976,0,1
2017-07-14,2230.1201171875,2231.139892578125,1990.4100341796875,1998.8599853515625,1998.8599853515625,993608000,0,1
2017-07-15,1991.97998046875,2058.77001953125,1843.030029296875,1929.8199462890625,1929.8199462890625,1182870016,0,1
2017-07-16,1932.6199951171875,2230.489990234375,1932.6199951171875,2228.409912109375,2228.409912109375,1201760000,0,1
2017-07-17,2233.52001953125,2387.610107421875,2164.77001953125,2318.8798828125,2318.8798828125,1512450048,0,1
2017-07-18,2323.080078125,2397.169921875,2260.22998046875,2273.429931640625,2273.429931640625,1245100032,0,1
2017-07-19,2269.889892578125,2900.699951171875,2269.889892578125,2817.60009765625,2817.60009765625,2249260032,0,1
2017-07-20,2838.409912109375,2838.409912109375,2621.85009765625,2667.760009765625,2667.760009765625,1489449984,0,1
2017-07-21,2668.6298828125,2862.419921875,2657.7099609375,2810.1201171875,2810.1201171875,1177129984,0,1
2017-07-22,2808.10009765625,2832.179931640625,2653.93994140625,2730.39990234375,2730.39990234375,1072840000,0,1
2017-07-23,2732.699951171875,2777.260009765625,2699.18994140625,2754.860107421875,2754.860107421875,866473984,0,1
2017-07-24,2757.5,2768.080078125,2480.9599609375,2576.47998046875,2576.47998046875,1460089984,0,1
2017-07-25,2577.77001953125,2610.760009765625,2450.800048828125,2529.449951171875,2529.449951171875,937404032,0,1
2017-07-26,2538.7099609375,2693.320068359375,2529.340087890625,2671.780029296875,2671.780029296875,789104000,0,1
2017-07-27,2679.72998046875,2897.449951171875,2679.72998046875,2809.010009765625,2809.010009765625,1380099968,0,1
2017-07-28,2807.02001953125,2808.760009765625,2692.800048828125,2726.449951171875,2726.449951171875,803745984,0,1
2017-07-29,2724.389892578125,2758.530029296875,2644.85009765625,2757.179931640625,2757.179931640625,705942976,0,1
2017-07-30,2763.239990234375,2889.6201171875,2720.610107421875,2875.340087890625,2875.340087890625,860574976,0,1
2017-07-31,2871.300048828125,2921.35009765625,2685.610107421875,2718.260009765625,2718.260009765625,1324669952,0,1
2017-08-01,2727.1298828125,2762.530029296875,2668.590087890625,2710.669921875,2710.669921875,1094950016,0,1
2017-08-02,2709.56005859375,2813.31005859375,2685.139892578125,2804.72998046875,2804.72998046875,804796992,0,1
2017-08-03,2806.929931640625,2899.330078125,2743.719970703125,2895.889892578125,2895.889892578125,1002120000,0,1
2017-08-04,2897.6298828125,3290.010009765625,2874.830078125,3252.909912109375,3252.909912109375,1945699968,0,1
2017-08-05,3257.610107421875,3293.2900390625,3155.60009765625,3213.93994140625,3213.93994140625,1105030016,0,1
2017-08-06,3212.780029296875,3397.679931640625,3180.889892578125,3378.93994140625,3378.93994140625,1482279936,0,1
2017-08-07,3370.219970703125,3484.85009765625,3345.830078125,3419.93994140625,3419.93994140625,1752760064,0,1
2017-08-08,3420.39990234375,3422.760009765625,3247.669921875,3342.469970703125,3342.469970703125,1468960000,0,1
2017-08-09,3341.840087890625,3453.449951171875,3319.469970703125,3381.280029296875,3381.280029296875,1515110016,0,1
2017-08-10,3373.820068359375,3679.719970703125,3372.1201171875,3650.6201171875,3650.6201171875,2021190016,0,1
2017-08-11,3650.6298828125,3949.919921875,3613.699951171875,3884.7099609375,3884.7099609375,2219589888,0,1
2017-08-12,3880.0400390625,4208.39013671875,3857.800048828125,4073.260009765625,4073.260009765625,3159089920,0,1
2017-08-13,4066.10009765625,4325.1298828125,3989.159912109375,4325.1298828125,4325.1298828125,2463089920,0,1
2017-08-14,4326.990234375,4455.97021484375,3906.179931640625,4181.93017578125,4181.93017578125,3258050048,0,1
2017-08-15,4200.33984375,4381.22998046875,3994.419921875,4376.6298828125,4376.6298828125,2272039936,0,1
2017-08-16,4384.43994140625,4484.7001953125,4243.7099609375,4331.68994140625,4331.68994140625,2553359872,0,1
2017-08-17,4324.33984375,4370.1298828125,4015.39990234375,4160.6201171875,4160.6201171875,2941710080,0,1
2017-08-18,4137.75,4243.259765625,3970.550048828125,4193.7001953125,4193.7001953125,2975820032,0,1
2017-08-19,4189.31005859375,4196.2900390625,4069.8798828125,4087.659912109375,4087.659912109375,2109769984,0,1
2017-08-20,4090.47998046875,4109.14013671875,3988.60009765625,4001.739990234375,4001.739990234375,2800890112,0,1
2017-08-21,3998.35009765625,4128.759765625,3674.580078125,4100.52001953125,4100.52001953125,3764239872,0,1
2017-08-22,4089.010009765625,4255.77978515625,4078.409912109375,4151.52001953125,4151.52001953125,2369819904,0,1
2017-08-23,4137.60009765625,4376.39013671875,4130.259765625,4334.68017578125,4334.68017578125,2037750016,0,1
2017-08-24,4332.81982421875,4455.7001953125,4307.35009765625,4371.60009765625,4371.60009765625,1727970048,0,1
2017-08-25,4372.06005859375,4379.27978515625,4269.52001953125,4352.39990234375,4352.39990234375,1511609984,0,1
2017-08-26,4345.10009765625,4416.58984375,4317.2900390625,4382.8798828125,4382.8798828125,1537459968,0,1
2017-08-27,4384.4501953125,4403.93017578125,4224.64013671875,4382.66015625,4382.66015625,1959330048,0,1
2017-08-28,4389.2099609375,4625.68017578125,4352.1298828125,4579.02001953125,4579.02001953125,2486080000,0,1
2017-08-29,4570.35986328125,4626.52001953125,4471.41015625,4565.2998046875,4565.2998046875,1937849984,0,1
2017-08-30,4555.58984375,4736.0498046875,4549.39990234375,4703.39013671875,4703.39013671875,1944930048,0,1
2017-08-31,4701.759765625,4892.009765625,4678.52978515625,4892.009765625,4892.009765625,2599079936,0,1
2017-09-01,4901.419921875,4975.0400390625,4469.240234375,4578.77001953125,4578.77001953125,2722139904,0,1
2017-09-02,4585.27001953125,4714.080078125,4417.58984375,4582.9599609375,4582.9599609375,1933190016,0,1
2017-09-03,4591.6298828125,4591.6298828125,4108.39990234375,4236.31005859375,4236.31005859375,2987330048,0,1
2017-09-04,4228.2900390625,4427.83984375,3998.110107421875,4376.52978515625,4376.52978515625,2697969920,0,1
2017-09-05,4376.58984375,4617.25,4376.58984375,4597.1201171875,4597.1201171875,2172100096,0,1
2017-09-06,4589.14013671875,4655.0400390625,4491.330078125,4599.8798828125,4599.8798828125,1844620032,0,1
2017-09-07,4605.16015625,4661.0,4075.179931640625,4228.75,4228.75,2700890112,0,1
2017-09-08,4229.81005859375,4308.81982421875,4114.10986328125,4226.06005859375,4226.06005859375,1386230016,0,1
2017-09-09,4229.33984375,4245.43994140625,3951.0400390625,4122.93994140625,4122.93994140625,1679090048,0,1
2017-09-10,4122.47021484375,4261.669921875,4099.39990234375,4161.27001953125,4161.27001953125,1557330048,0,1
2017-09-11,4168.8798828125,4344.64990234375,4085.219970703125,4130.81005859375,4130.81005859375,1864530048,0,1
2017-09-12,4131.97998046875,4131.97998046875,3789.919921875,3882.590087890625,3882.590087890625,2219409920,0,1
2017-09-13,3875.3701171875,3920.60009765625,3153.860107421875,3154.949951171875,3154.949951171875,2716310016,0,1
2017-09-14,3166.300048828125,3733.449951171875,2946.6201171875,3637.52001953125,3637.52001953125,4148069888,0,1
2017-09-15,3637.75,3808.840087890625,3487.7900390625,3625.0400390625,3625.0400390625,1818400000,0,1
2017-09-16,3606.280029296875,3664.81005859375,3445.639892578125,3582.8798828125,3582.8798828125,1239149952,0,1
2017-09-17,3591.090087890625,4079.22998046875,3591.090087890625,4065.199951171875,4065.199951171875,1943209984,0,1
2017-09-18,4073.7900390625,4094.070068359375,3868.8701171875,3924.969970703125,3924.969970703125,1563980032,0,1
2017-09-19,3916.360107421875,4031.389892578125,3857.72998046875,3905.949951171875,3905.949951171875,1213830016,0,1
2017-09-20,3901.469970703125,3916.419921875,3613.6298828125,3631.0400390625,3631.0400390625,1411480064,0,1
2017-09-21,3628.02001953125,3758.27001953125,3553.530029296875,3630.699951171875,3630.699951171875,1194829952,0,1
2017-09-22,3629.919921875,3819.2099609375,3594.580078125,3792.39990234375,3792.39990234375,928113984,0,1
2017-09-23,3796.14990234375,3796.14990234375,3666.89990234375,3682.840087890625,3682.840087890625,768014976,0,1
2017-09-24,3681.580078125,3950.25,3681.580078125,3926.070068359375,3926.070068359375,1374210048,0,1
2017-09-25,3928.409912109375,3969.889892578125,3869.89990234375,3892.35009765625,3892.35009765625,1043740032,0,1
2017-09-26,3892.93994140625,4210.0498046875,3884.820068359375,4200.669921875,4200.669921875,1686880000,0,1
2017-09-27,4197.1298828125,4279.31005859375,4109.7001953125,4174.72998046875,4174.72998046875,1712320000,0,1
2017-09-28,4171.6201171875,4214.6298828125,4039.2900390625,4163.06982421875,4163.06982421875,1367049984,0,1
2017-09-29,4166.10986328125,4358.43017578125,4160.85986328125,4338.7099609375,4338.7099609375,1207449984,0,1
2017-09-30,4341.0498046875,4403.740234375,4269.81005859375,4403.740234375,4403.740234375,1208210048,0,1
2017-10-01,4395.81005859375,4470.22998046875,4377.4599609375,4409.31982421875,4409.31982421875,1431730048,0,1
2017-10-02,4408.4599609375,4432.47021484375,4258.89013671875,4317.47998046875,4317.47998046875,1288019968,0,1
2017-10-03,4319.3701171875,4352.31005859375,4210.419921875,4229.35986328125,4229.35986328125,1116770048,0,1
2017-10-04,4229.8798828125,4362.64013671875,4164.0498046875,4328.41015625,4328.41015625,1161769984,0,1
2017-10-05,4324.4599609375,4413.27001953125,4320.52978515625,4370.81005859375,4370.81005859375,1069939968,0,1
2017-10-06,4369.35009765625,4443.8798828125,4321.0498046875,4426.89013671875,4426.89013671875,906928000,0,1
2017-10-07,4429.669921875,4624.14013671875,4405.64013671875,4610.47998046875,4610.47998046875,1313869952,0,1
2017-10-08,4614.52001953125,4878.7099609375,4564.25,4772.02001953125,4772.02001953125,1968739968,0,1
2017-10-09,4776.2099609375,4922.169921875,4765.10009765625,4781.990234375,4781.990234375,1597139968,0,1
2017-10-10,4789.25,4873.72998046875,4751.6298828125,4826.47998046875,4826.47998046875,1222279936,0,1
2017-10-11,4829.580078125,5446.91015625,4822.0,5446.91015625,5446.91015625,2791610112,0,1
2017-10-12,5464.16015625,5840.2998046875,5436.85009765625,5647.2099609375,5647.2099609375,3615480064,0,1
2017-10-13,5643.52978515625,5837.7001953125,5591.64013671875,5831.7900390625,5831.7900390625,1669030016,0,1
2017-10-14,5835.9599609375,5852.47998046875,5478.60986328125,5678.18994140625,5678.18994140625,1976039936,0,1
2017-10-15,5687.56982421875,5776.22998046875,5544.2099609375,5725.58984375,5725.58984375,2008070016,0,1
2017-10-16,5741.580078125,5800.35009765625,5472.72021484375,5605.509765625,5605.509765625,1821570048,0,1
2017-10-17,5603.81982421875,5603.81982421875,5151.43994140625,5590.68994140625,5590.68994140625,2399269888,0,1
2017-10-18,5583.740234375,5744.35009765625,5531.06005859375,5708.52001953125,5708.52001953125,1780540032,0,1
2017-10-19,5708.10986328125,6060.10986328125,5627.22998046875,6011.4501953125,6011.4501953125,2354429952,0,1
2017-10-20,5996.7900390625,6194.8798828125,5965.06982421875,6031.60009765625,6031.60009765625,2207099904,0,1
2017-10-21,6036.66015625,6076.259765625,5792.33984375,6008.419921875,6008.419921875,2034630016,0,1
2017-10-22,6006.0,6075.58984375,5732.47021484375,5930.31982421875,5930.31982421875,2401840128,0,1
2017-10-23,5935.52001953125,5935.52001953125,5504.18017578125,5526.64013671875,5526.64013671875,2735699968,0,1
2017-10-24,5524.60009765625,5754.330078125,5397.8798828125,5750.7998046875,5750.7998046875,1966989952,0,1
2017-10-25,5747.9501953125,5976.7998046875,5721.22021484375,5904.830078125,5904.830078125,1905040000,0,1
2017-10-26,5899.740234375,5988.39013671875,5728.81982421875,5780.89990234375,5780.89990234375,1710130048,0,1
2017-10-27,5787.81982421875,5876.72021484375,5689.18994140625,5753.08984375,5753.08984375,1403920000,0,1
2017-10-28,5754.43994140625,6255.7099609375,5724.580078125,6153.85009765625,6153.85009765625,2859040000,0,1
2017-10-30,6114.85009765625,6214.990234375,6040.85009765625,6130.52978515625,6130.52978515625,1772150016,0,1
2017-10-31,6132.02001953125,6470.43017578125,6103.330078125,6468.39990234375,6468.39990234375,2311379968,0,1
2017-11-01,6440.97021484375,6767.31005859375,6377.8798828125,6767.31005859375,6767.31005859375,2870320128,0,1
2017-11-02,6777.77001953125,7367.330078125,6758.72021484375,7078.5,7078.5,4653770240,0,1
2017-11-03,7087.52978515625,7461.2900390625,7002.93994140625,7207.759765625,7207.759765625,3369860096,0,1
2017-11-04,7164.47998046875,7492.85986328125,7031.27978515625,7379.9501953125,7379.9501953125,2483800064,0,1
2017-11-05,7404.52001953125,7617.47998046875,7333.18994140625,7407.41015625,7407.41015625,2380410112,0,1
2017-11-06,7403.22021484375,7445.77001953125,7007.31005859375,7022.759765625,7022.759765625,3111899904,0,1
2017-11-07,7023.10009765625,7253.31982421875,7023.10009765625,7144.3798828125,7144.3798828125,2326340096,0,1
2017-11-08,7141.3798828125,7776.419921875,7114.02001953125,7459.68994140625,7459.68994140625,4602200064,0,1
2017-11-09,7446.830078125,7446.830078125,7101.52001953125,7143.580078125,7143.580078125,3226249984,0,1
2017-11-10,7173.72998046875,7312.0,6436.8701171875,6618.14013671875,6618.14013671875,5208249856,0,1
2017-11-11,6618.60986328125,6873.14990234375,6204.22021484375,6357.60009765625,6357.60009765625,4908680192,0,1
2017-11-12,6295.4501953125,6625.0498046875,5519.009765625,5950.06982421875,5950.06982421875,8957349888,0,1
2017-11-13,5938.25,6811.18994140625,5844.2900390625,6559.490234375,6559.490234375,6263249920,0,1
2017-11-14,6561.47998046875,6764.97998046875,6461.75,6635.75,6635.75,3197110016,0,1
2017-11-15,6634.759765625,7342.25,6634.759765625,7315.5400390625,7315.5400390625,4200880128,0,1
2017-11-16,7323.240234375,7967.3798828125,7176.580078125,7871.68994140625,7871.68994140625,5123809792,0,1
2017-11-17,7853.56982421875,8004.58984375,7561.08984375,7708.990234375,7708.990234375,4651670016,0,1
2017-11-18,7697.2099609375,7884.990234375,7463.43994140625,7790.14990234375,7790.14990234375,3667190016,0,1
2017-11-19,7766.02978515625,8101.91015625,7694.10009765625,8036.490234375,8036.490234375,3149319936,0,1
2017-11-20,8039.06982421875,8336.8603515625,7949.35986328125,8200.6396484375,8200.6396484375,3488450048,0,1
2017-11-21,8205.740234375,8348.66015625,7762.7099609375,8071.259765625,8071.259765625,4277609984,0,1
2017-11-22,8077.9501953125,8302.259765625,8075.47021484375,8253.5498046875,8253.5498046875,3633530112,0,1
2017-11-23,8232.3798828125,8267.400390625,8038.77001953125,8038.77001953125,8038.77001953125,4225179904,0,1
2017-11-24,8074.02001953125,8374.16015625,7940.93017578125,8253.6904296875,8253.6904296875,5058610176,0,1
2017-11-25,8241.7099609375,8790.919921875,8191.14990234375,8790.919921875,8790.919921875,4342060032,0,1
2017-11-26,8789.0400390625,9522.9296875,8775.58984375,9330.5498046875,9330.5498046875,5475579904,0,1
2017-11-27,9352.7197265625,9818.349609375,9352.7197265625,9818.349609375,9818.349609375,5653320192,0,1
2017-11-28,9823.4296875,10125.7001953125,9736.2998046875,10058.7998046875,10058.7998046875,6348819968,0,1
2017-11-29,10077.400390625,11517.400390625,9601.0302734375,9888.6103515625,9888.6103515625,11568799744,0,1
2017-11-30,9906.7900390625,10801.0,9202.0498046875,10233.599609375,10233.599609375,8310689792,0,1
2017-12-01,10198.599609375,11046.7001953125,9694.650390625,10975.599609375,10975.599609375,6783119872,0,1
2017-12-02,10978.2998046875,11320.2001953125,10905.099609375,11074.599609375,11074.599609375,5138500096,0,1
2017-12-03,11082.7001953125,11858.7001953125,10862.0,11323.2001953125,11323.2001953125,6608309760,0,1
2017-12-04,11315.400390625,11657.2001953125,11081.7998046875,11657.2001953125,11657.2001953125,6132409856,0,1
2017-12-05,11685.7001953125,12032.0,11604.599609375,11916.7001953125,11916.7001953125,6895260160,0,1
2017-12-06,11923.400390625,14369.099609375,11923.400390625,14291.5,14291.5,12656300032,0,1
2017-12-07,14266.099609375,17899.69921875,14057.2998046875,17899.69921875,17899.69921875,17950699520,0,1
2017-12-08,17802.900390625,18353.400390625,14336.900390625,16569.400390625,16569.400390625,21135998976,0,1
2017-12-09,16523.30078125,16783.0,13674.900390625,15178.2001953125,15178.2001953125,13911300096,0,1
2017-12-10,15168.400390625,15850.599609375,13226.599609375,15455.400390625,15455.400390625,13433299968,0,1
2017-12-11,15427.400390625,17513.900390625,15404.7998046875,16936.80078125,16936.80078125,12153900032,0,1
2017-12-12,16919.80078125,17781.80078125,16571.599609375,17415.400390625,17415.400390625,14603799552,0,1
2017-12-13,17500.0,17653.099609375,16039.7001953125,16408.19921875,16408.19921875,12976900096,0,1
2017-12-14,16384.599609375,17085.80078125,16185.900390625,16564.0,16564.0,13777399808,0,1
2017-12-15,16601.30078125,18154.099609375,16601.30078125,17706.900390625,17706.900390625,14309999616,0,1
2017-12-16,17760.30078125,19716.69921875,17515.30078125,19497.400390625,19497.400390625,12740599808,0,1
2017-12-17,19475.80078125,20089.0,18974.099609375,19140.80078125,19140.80078125,13314599936,0,1
2017-12-18,19106.400390625,19371.0,18355.900390625,19114.19921875,19114.19921875,14839499776,0,1
2017-12-19,19118.30078125,19177.80078125,17275.400390625,17776.69921875,17776.69921875,16894499840,0,1
2017-12-20,17760.30078125,17934.69921875,16077.7001953125,16624.599609375,16624.599609375,22149699584,0,1
2017-12-21,16642.400390625,17567.69921875,15342.7001953125,15802.900390625,15802.900390625,16516599808,0,1
2017-12-22,15898.0,15943.400390625,11833.0,13831.7998046875,13831.7998046875,22197999616,0,1
2017-12-23,13948.7001953125,15603.2001953125,13828.7998046875,14699.2001953125,14699.2001953125,13086000128,0,1
2017-12-24,14608.2001953125,14626.0,12747.7001953125,13925.7998046875,13925.7998046875,11572299776,0,1
2017-12-25,13995.900390625,14593.0,13448.900390625,14026.599609375,14026.599609375,10664699904,0,1
2017-12-26,14036.599609375,16461.19921875,14028.900390625,16099.7998046875,16099.7998046875,13454300160,0,1
2017-12-27,16163.5,16930.900390625,15114.2998046875,15838.5,15838.5,12487600128,0,1
2017-12-28,15864.099609375,15888.400390625,13937.2998046875,14606.5,14606.5,12336499712,0,1
2017-12-29,14695.7998046875,15279.0,14307.0,14656.2001953125,14656.2001953125,13025500160,0,1
2017-12-30,14681.900390625,14681.900390625,12350.099609375,12952.2001953125,12952.2001953125,14452599808,0,1
2017-12-31,12897.7001953125,14377.400390625,12755.599609375,14156.400390625,14156.400390625,12136299520,0,1
2018-01-01,14112.2001953125,14112.2001953125,13154.7001953125,13657.2001953125,13657.2001953125,10291200000,0,1
2018-01-02,13625.0,15444.599609375,13163.599609375,14982.099609375,14982.099609375,16846600192,0,1
2018-01-03,14978.2001953125,15572.7998046875,14844.5,15201.0,15201.0,16871900160,0,1
2018-01-04,15270.7001953125,15739.7001953125,14522.2001953125,15599.2001953125,15599.2001953125,21783199744,0,1
2018-01-05,15477.2001953125,17705.19921875,15202.7998046875,17429.5,17429.5,23840899072,0,1
2018-01-06,17462.099609375,17712.400390625,16764.599609375,17527.0,17527.0,18314600448,0,1
2018-01-07,17527.30078125,17579.599609375,16087.7001953125,16477.599609375,16477.599609375,15866000384,0,1
2018-01-08,16476.19921875,16537.900390625,14208.2001953125,15170.099609375,15170.099609375,18413899776,0,1
2018-01-09,15123.7001953125,15497.5,14424.0,14595.400390625,14595.400390625,16659999744,0,1
2018-01-10,14588.5,14973.2998046875,13691.2001953125,14973.2998046875,14973.2998046875,18500800512,0,1
2018-01-11,14968.2001953125,15018.7998046875,13105.900390625,13405.7998046875,13405.7998046875,16534099968,0,1
2018-01-12,13453.900390625,14229.900390625,13158.099609375,13980.599609375,13980.599609375,12065699840,0,1
2018-01-13,13952.400390625,14659.5,13952.400390625,14360.2001953125,14360.2001953125,12763599872,0,1
2018-01-14,14370.7998046875,14511.7998046875,13268.0,13772.0,13772.0,11084099584,0,1
2018-01-15,13767.2998046875,14445.5,13641.7001953125,13819.7998046875,13819.7998046875,12750799872,0,1
2018-01-16,13836.099609375,13843.099609375,10194.900390625,11490.5,11490.5,18853799936,0,1
2018-01-17,11431.099609375,11678.0,9402.2900390625,11188.599609375,11188.599609375,18830600192,0,1
2018-01-18,11198.7998046875,12107.2998046875,10942.5,11474.900390625,11474.900390625,15020399616,0,1
2018-01-19,11429.7998046875,11992.7998046875,11172.099609375,11607.400390625,11607.400390625,10740400128,0,1
2018-01-20,11656.2001953125,13103.0,11656.2001953125,12899.2001953125,12899.2001953125,11801700352,0,1
2018-01-21,12889.2001953125,12895.900390625,11288.2001953125,11600.099609375,11600.099609375,9935179776,0,1
2018-01-22,11633.099609375,11966.400390625,10240.2001953125,10931.400390625,10931.400390625,10537400320,0,1
2018-01-23,10944.5,11377.599609375,10129.7001953125,10868.400390625,10868.400390625,9660609536,0,1
2018-01-24,10903.400390625,11501.400390625,10639.7998046875,11359.400390625,11359.400390625,9940989952,0,1
2018-01-25,11421.7001953125,11785.7001953125,11057.400390625,11259.400390625,11259.400390625,8873169920,0,1
2018-01-26,11256.0,11656.7001953125,10470.2998046875,11171.400390625,11171.400390625,9746199552,0,1
2018-01-27,11174.900390625,11614.900390625,10989.2001953125,11440.7001953125,11440.7001953125,7583269888,0,1
2018-01-28,11475.2998046875,12040.2998046875,11475.2998046875,11786.2998046875,11786.2998046875,8350360064,0,1
2018-01-29,11755.5,11875.599609375,11179.2001953125,11296.400390625,11296.400390625,7107359744,0,1
2018-01-30,11306.7998046875,11307.2001953125,10036.2001953125,10106.2998046875,10106.2998046875,8637859840,0,1
2018-01-31,10108.2001953125,10381.599609375,9777.419921875,10221.099609375,10221.099609375,8041160192,0,1
2018-02-01,10237.2998046875,10288.7998046875,8812.2802734375,9170.5400390625,9170.5400390625,9959400448,0,1
2018-02-02,9142.2802734375,9142.2802734375,7796.490234375,8830.75,8830.75,12726899712,0,1
2018-02-03,8852.1201171875,9430.75,8251.6298828125,9174.91015625,9174.91015625,7263790080,0,1
2018-02-04,9175.7001953125,9334.8701171875,8031.22021484375,8277.009765625,8277.009765625,7073549824,0,1
2018-02-05,8270.5400390625,8364.83984375,6756.68017578125,6955.27001953125,6955.27001953125,9285289984,0,1
2018-02-06,7051.75,7850.7001953125,6048.259765625,7754.0,7754.0,13999800320,0,1
2018-02-07,7755.490234375,8509.1103515625,7236.7900390625,7621.2998046875,7621.2998046875,9169280000,0,1
2018-02-08,7637.85986328125,8558.76953125,7637.85986328125,8265.58984375,8265.58984375,9346750464,0,1
2018-02-09,8271.83984375,8736.98046875,7884.7099609375,8736.98046875,8736.98046875,6784820224,0,1
2018-02-10,8720.080078125,9122.5498046875,8295.4697265625,8621.900390625,8621.900390625,7780960256,0,1
2018-02-11,8616.1298828125,8616.1298828125,7931.10009765625,8129.97021484375,8129.97021484375,6122189824,0,1
2018-02-12,8141.43017578125,8985.919921875,8141.43017578125,8926.5703125,8926.5703125,6256439808,0,1
2018-02-13,8926.7197265625,8958.4697265625,8455.41015625,8598.3095703125,8598.3095703125,5696719872,0,1
2018-02-14,8599.919921875,9518.5400390625,8599.919921875,9494.6298828125,9494.6298828125,7909819904,0,1
2018-02-15,9488.3203125,10234.7998046875,9395.580078125,10166.400390625,10166.400390625,9062540288,0,1
2018-02-16,10135.7001953125,10324.099609375,9824.8203125,10233.900390625,10233.900390625,7296159744,0,1
2018-02-17,10207.5,11139.5,10149.400390625,11112.7001953125,11112.7001953125,8660880384,0,1
2018-02-18,11123.400390625,11349.7998046875,10326.0,10551.7998046875,10551.7998046875,8744009728,0,1
2018-02-19,10552.599609375,11273.7998046875,10513.2001953125,11225.2998046875,11225.2998046875,7652089856,0,1
2018-02-20,11231.7998046875,11958.5,11231.7998046875,11403.7001953125,11403.7001953125,9926540288,0,1
2018-02-21,11372.2001953125,11418.5,10479.099609375,10690.400390625,10690.400390625,9405339648,0,1
2018-02-22,10660.400390625,11039.099609375,9939.08984375,10005.0,10005.0,8040079872,0,1
2018-02-23,9937.0703125,10487.2998046875,9734.5595703125,10301.099609375,10301.099609375,7739500032,0,1
2018-02-24,10287.7001953125,10597.2001953125,9546.9697265625,9813.0703125,9813.0703125,6917929984,0,1
2018-02-25,9796.419921875,9923.2197265625,9407.0595703125,9664.73046875,9664.73046875,5706939904,0,1
2018-02-26,9669.4296875,10475.0,9501.73046875,10366.7001953125,10366.7001953125,7287690240,0,1
2018-02-27,10393.900390625,10878.5,10246.099609375,10725.599609375,10725.599609375,6966179840,0,1
2018-02-28,10687.2001953125,11089.7998046875,10393.099609375,10397.900390625,10397.900390625,6936189952,0,1
2018-03-01,10385.0,11052.2998046875,10352.7001953125,10951.0,10951.0,7317279744,0,1
2018-03-02,10977.400390625,11189.0,10850.099609375,11086.400390625,11086.400390625,7620590080,0,1
2018-03-03,11101.900390625,11528.2001953125,11002.400390625,11489.7001953125,11489.7001953125,6690570240,0,1
2018-03-04,11497.400390625,11512.599609375,11136.099609375,11512.599609375,11512.599609375,6084149760,0,1
2018-03-05,11532.400390625,11704.099609375,11443.900390625,11573.2998046875,11573.2998046875,6468539904,0,1
2018-03-06,11500.099609375,11500.099609375,10694.2998046875,10779.900390625,10779.900390625,6832169984,0,1
2018-03-07,10803.900390625,10929.5,9692.1201171875,9965.5703125,9965.5703125,8797910016,0,1
2018-03-08,9951.4404296875,10147.400390625,9335.8701171875,9395.009765625,9395.009765625,7186089984,0,1
2018-03-09,9414.6904296875,9466.349609375,8513.0302734375,9337.5498046875,9337.5498046875,8704190464,0,1
2018-03-10,9350.58984375,9531.3203125,8828.4697265625,8866.0,8866.0,5386319872,0,1
2018-03-11,8852.7802734375,9711.8896484375,8607.1201171875,9578.6298828125,9578.6298828125,6296370176,0,1
2018-03-12,9602.9296875,9937.5,8956.4296875,9205.1201171875,9205.1201171875,6457399808,0,1
2018-03-13,9173.0400390625,9470.3798828125,8958.1904296875,9194.849609375,9194.849609375,5991139840,0,1
2018-03-14,9214.650390625,9355.849609375,8068.58984375,8269.8095703125,8269.8095703125,6438230016,0,1
2018-03-15,8290.759765625,8428.349609375,7783.0498046875,8300.8603515625,8300.8603515625,6834429952,0,1
2018-03-16,8322.91015625,8585.150390625,8005.31005859375,8338.349609375,8338.349609375,5289379840,0,1
2018-03-17,8321.91015625,8346.5302734375,7812.81982421875,7916.8798828125,7916.8798828125,4426149888,0,1
2018-03-18,7890.52001953125,8245.509765625,7397.990234375,8223.6796875,8223.6796875,6639190016,0,1
2018-03-19,8344.1201171875,8675.8701171875,8182.39990234375,8630.650390625,8630.650390625,6729110016,0,1
2018-03-20,8619.669921875,9051.01953125,8389.8896484375,8913.4697265625,8913.4697265625,6361789952,0,1
2018-03-21,8937.48046875,9177.3701171875,8846.330078125,8929.2802734375,8929.2802734375,6043129856,0,1
2018-03-22,8939.4404296875,9100.7099609375,8564.900390625,8728.4697265625,8728.4697265625,5530390016,0,1
2018-03-23,8736.25,8879.6201171875,8360.6201171875,8879.6201171875,8879.6201171875,5954120192,0,1
2018-03-24,8901.9501953125,8996.1796875,8665.7001953125,8668.1201171875,8668.1201171875,5664600064,0,1
2018-03-25,8612.8095703125,8682.009765625,8449.099609375,8495.7802734375,8495.7802734375,4569880064,0,1
2018-03-25,8498.4697265625,8530.080078125,7921.43017578125,8209.400390625,8209.400390625,5921039872,0,1
2018-03-26,8200.0,8232.7802734375,7797.27978515625,7833.0400390625,7833.0400390625,5378250240,0,1
2018-03-27,7836.830078125,8122.89013671875,7809.169921875,7954.47998046875,7954.47998046875,4935289856,0,1
2018-03-28,7979.06982421875,7994.330078125,7081.3798828125,7165.7001953125,7165.7001953125,6361229824,0,1
2018-03-29,7171.4501953125,7276.66015625,6683.93017578125,6890.52001953125,6890.52001953125,6289509888,0,1
2018-03-30,6892.47998046875,7207.85009765625,6863.52001953125,6973.52978515625,6973.52978515625,4553269760,0,1
2018-03-31,7003.06005859375,7060.9501953125,6526.8701171875,6844.22998046875,6844.22998046875,4532100096,0,1
2018-04-01,6844.85986328125,7135.47021484375,6816.580078125,7083.7998046875,7083.7998046875,4333440000,0,1
2018-04-02,7102.259765625,7530.93994140625,7072.490234375,7456.10986328125,7456.10986328125,5499700224,0,1
2018-04-03,7456.41015625,7469.8798828125,6803.8798828125,6853.83984375,6853.83984375,4936000000,0,1
2018-04-04,6848.64990234375,6933.81982421875,6644.7998046875,6811.47021484375,6811.47021484375,5639320064,0,1
2018-04-05,6815.9599609375,6857.490234375,6575.0,6636.31982421875,6636.31982421875,3766810112,0,1
2018-04-06,6630.509765625,7050.5400390625,6630.509765625,6911.08984375,6911.08984375,3976610048,0,1
2018-04-07,6919.97998046875,7111.56005859375,6919.97998046875,7023.52001953125,7023.52001953125,3652499968,0,1
2018-04-08,7044.31982421875,7178.10986328125,6661.990234375,6770.72998046875,6770.72998046875,4894060032,0,1
2018-04-09,6795.43994140625,6872.41015625,6704.14990234375,6834.759765625,6834.759765625,4272750080,0,1
2018-04-10,6843.47021484375,6968.31982421875,6817.58984375,6968.31982421875,6968.31982421875,4641889792,0,1
2018-04-11,6955.3798828125,7899.22998046875,6806.509765625,7889.25,7889.25,8906250240,0,1
2018-04-12,7901.08984375,8183.9599609375,7758.93017578125,7895.9599609375,7895.9599609375,7764460032,0,1
2018-04-13,7874.669921875,8140.7099609375,7846.0,7986.240234375,7986.240234375,5191430144,0,1
2018-04-14,7999.330078125,8338.419921875,7999.330078125,8329.1103515625,8329.1103515625,5244480000,0,1
2018-04-15,8337.5703125,8371.150390625,7925.72998046875,8058.669921875,8058.669921875,5631309824,0,1
2018-04-16,8071.66015625,8285.9599609375,7881.72021484375,7902.08984375,7902.08984375,6900879872,0,1
2018-04-17,7944.43017578125,8197.7998046875,7886.009765625,8163.419921875,8163.419921875,6529909760,0,1
2018-04-18,8159.27001953125,8298.6904296875,8138.77978515625,8294.3095703125,8294.3095703125,7063209984,0,1
2018-04-19,8286.8798828125,8880.23046875,8244.5400390625,8845.830078125,8845.830078125,8438110208,0,1
2018-04-20,8848.7900390625,8997.5703125,8652.150390625,8895.580078125,8895.580078125,7548550144,0,1
2018-04-21,8925.0595703125,9001.6396484375,8779.6103515625,8802.4599609375,8802.4599609375,6629899776,0,1
2018-04-22,8794.3896484375,8958.5498046875,8788.8095703125,8930.8798828125,8930.8798828125,6925190144,0,1
2018-04-23,8934.33984375,9732.6103515625,8927.830078125,9697.5,9697.5,10678800384,0,1
2018-04-24,9701.0302734375,9745.3203125,8799.83984375,8845.740234375,8845.740234375,11083100160,0,1
2018-04-25,8867.3203125,9281.509765625,8727.08984375,9281.509765625,9281.509765625,8970559488,0,1
2018-04-26,9290.6298828125,9375.4697265625,8987.0498046875,8987.0498046875,8987.0498046875,7566289920,0,1
2018-04-27,8939.26953125,9412.08984375,8931.990234375,9348.48046875,9348.48046875,7805479936,0,1
2018-04-28,9346.41015625,9531.490234375,9193.7099609375,9419.080078125,9419.080078125,8853000192,0,1
2018-04-29,9426.1103515625,9477.1396484375,9166.8095703125,9240.5498046875,9240.5498046875,8673920000,0,1
2018-04-30,9251.4697265625,9255.8798828125,8891.0498046875,9119.009765625,9119.009765625,7713019904,0,1
2018-05-01,9104.599609375,9256.51953125,9015.1396484375,9235.919921875,9235.919921875,7558159872,0,1
2018-05-02,9233.9697265625,9798.330078125,9188.150390625,9743.8603515625,9743.8603515625,10207299584,0,1
2018-05-03,9695.5,9779.2001953125,9585.9599609375,9700.759765625,9700.759765625,8217829888,0,1
2018-05-04,9700.2802734375,9964.5,9695.1201171875,9858.150390625,9858.150390625,7651939840,0,1
2018-05-05,9845.3095703125,9940.1396484375,9465.25,9654.7998046875,9654.7998046875,7222280192,0,1
2018-05-06,9645.669921875,9665.849609375,9231.5302734375,9373.009765625,9373.009765625,7394019840,0,1
2018-05-07,9380.8701171875,9462.75,9127.76953125,9234.8203125,9234.8203125,7415869952,0,1
2018-05-08,9223.73046875,9374.759765625,9031.6201171875,9325.1796875,9325.1796875,7226890240,0,1
2018-05-09,9325.9599609375,9396.0400390625,9040.51953125,9043.9404296875,9043.9404296875,6906699776,0,1
2018-05-10,9052.9599609375,9052.9599609375,8394.4599609375,8441.490234375,8441.490234375,8488520192,0,1
2018-05-11,8441.4404296875,8664.8603515625,8223.5,8504.8896484375,8504.8896484375,6821380096,0,1
2018-05-12,8515.490234375,8773.5498046875,8395.1201171875,8723.9404296875,8723.9404296875,5866379776,0,1
2018-05-13,8713.099609375,8881.1201171875,8367.9697265625,8716.7900390625,8716.7900390625,7364149760,0,1
2018-05-14,8705.1904296875,8836.1904296875,8456.4501953125,8510.3798828125,8510.3798828125,6705710080,0,1
2018-05-15,8504.41015625,8508.4296875,8175.490234375,8368.830078125,8368.830078125,6760220160,0,1
2018-05-16,8370.0498046875,8445.5400390625,8054.1201171875,8094.31982421875,8094.31982421875,5862530048,0,1
2018-05-17,8091.830078125,8274.1201171875,7974.81982421875,8250.9697265625,8250.9697265625,5764190208,0,1
2018-05-18,8255.73046875,8372.0595703125,8183.35009765625,8247.1796875,8247.1796875,4712399872,0,1
2018-05-19,8246.990234375,8562.41015625,8205.240234375,8513.25,8513.25,5191059968,0,1
2018-05-20,8522.330078125,8557.51953125,8365.1201171875,8418.990234375,8418.990234375,5154990080,0,1
2018-05-21,8419.8701171875,8423.25,8004.580078125,8041.77978515625,8041.77978515625,5137010176,0,1
2018-05-22,8037.080078125,8054.66015625,7507.8798828125,7557.81982421875,7557.81982421875,6491120128,0,1
2018-05-23,7561.1201171875,7738.60009765625,7331.14013671875,7587.33984375,7587.33984375,6049220096,0,1
2018-05-24,7592.2998046875,7659.14013671875,7392.64990234375,7480.14013671875,7480.14013671875,4867829760,0,1
2018-05-25,7486.47998046875,7595.16015625,7349.1201171875,7355.8798828125,7355.8798828125,4051539968,0,1
2018-05-26,7362.080078125,7381.740234375,7270.9599609375,7368.22021484375,7368.22021484375,4056519936,0,1
2018-05-27,7371.31005859375,7419.0498046875,7100.89013671875,7135.990234375,7135.990234375,5040600064,0,1
2018-05-28,7129.4599609375,7526.419921875,7090.68017578125,7472.58984375,7472.58984375,5662660096,0,1
2018-05-29,7469.72998046875,7573.77001953125,7313.60009765625,7406.52001953125,7406.52001953125,4922540032,0,1
2018-05-30,7406.14990234375,7608.89990234375,7361.1298828125,7494.169921875,7494.169921875,5127130112,0,1
2018-05-31,7500.7001953125,7604.72998046875,7407.33984375,7541.4501953125,7541.4501953125,4921460224,0,1
2018-06-01,7536.72021484375,7695.830078125,7497.259765625,7643.4501953125,7643.4501953125,4939299840,0,1
2018-06-02,7632.08984375,7754.89013671875,7613.0400390625,7720.25,7720.25,4851760128,0,1
2018-06-03,7722.52978515625,7753.81982421875,7474.0400390625,7514.47021484375,7514.47021484375,4993169920,0,1
2018-06-04,7500.89990234375,7643.22998046875,7397.0,7633.759765625,7633.759765625,4961739776,0,1
2018-06-05,7625.97021484375,7680.43017578125,7502.009765625,7653.97998046875,7653.97998046875,4692259840,0,1
2018-06-06,7650.81982421875,7741.27001953125,7650.81982421875,7678.240234375,7678.240234375,4485799936,0,1
2018-06-07,7685.14013671875,7698.18994140625,7558.39990234375,7624.919921875,7624.919921875,4227579904,0,1
2018-06-08,7632.52001953125,7683.580078125,7531.97998046875,7531.97998046875,7531.97998046875,3845220096,0,1
2018-06-09,7499.5498046875,7499.5498046875,6709.06982421875,6786.02001953125,6786.02001953125,5804839936,0,1
2018-06-10,6799.2900390625,6910.18017578125,6706.6298828125,6906.919921875,6906.919921875,4745269760,0,1
2018-06-11,6905.81982421875,6907.9599609375,6542.080078125,6582.35986328125,6582.35986328125,4654380032,0,1
2018-06-12,6596.8798828125,6631.66015625,6285.6298828125,6349.89990234375,6349.89990234375,5052349952,0,1
2018-06-13,6342.75,6707.14013671875,6334.4599609375,6675.35009765625,6675.35009765625,5138710016,0,1
2018-06-14,6674.080078125,6681.080078125,6433.8701171875,6456.580078125,6456.580078125,3955389952,0,1
2018-06-15,6455.4501953125,6592.490234375,6402.2900390625,6550.16015625,6550.16015625,3194170112,0,1
2018-06-16,6545.52978515625,6589.10986328125,6499.27001953125,6499.27001953125,6499.27001953125,3104019968,0,1
2018-06-17,6510.06982421875,6781.14013671875,6446.68017578125,6734.81982421875,6734.81982421875,4039200000,0,1
2018-06-18,6742.39013671875,6822.5,6709.919921875,6769.93994140625,6769.93994140625,4057029888,0,1
2018-06-19,6770.759765625,6821.56005859375,6611.8798828125,6776.5498046875,6776.5498046875,3888640000,0,1
2018-06-20,6780.08984375,6810.93994140625,6715.169921875,6729.740234375,6729.740234375,3529129984,0,1
2018-06-21,6737.8798828125,6747.080078125,6006.60009765625,6083.68994140625,6083.68994140625,5079810048,0,1
2018-06-22,6090.10009765625,6224.81982421875,6071.81005859375,6162.47998046875,6162.47998046875,3431360000,0,1
2018-06-23,6164.27978515625,6223.77978515625,5826.41015625,6173.22998046875,6173.22998046875,4566909952,0,1
2018-06-24,6171.97021484375,6327.3701171875,6119.68017578125,6249.18017578125,6249.18017578125,5500810240,0,1
2018-06-25,6253.5498046875,6290.16015625,6093.669921875,6093.669921875,6093.669921875,3279759872,0,1
2018-06-26,6084.39990234375,6180.0,6052.85009765625,6157.1298828125,6157.1298828125,3296219904,0,1
2018-06-27,6153.16015625,6170.41015625,5873.0498046875,5903.43994140625,5903.43994140625,3467800064,0,1
2018-06-28,5898.1298828125,6261.66015625,5835.75,6218.2998046875,6218.2998046875,3966230016,0,1
2018-06-29,6214.22021484375,6465.509765625,6214.22021484375,6404.0,6404.0,4543860224,0,1
2018-06-30,6411.68017578125,6432.85009765625,6289.2900390625,6385.81982421875,6385.81982421875,4788259840,0,1
2018-07-01,6380.3798828125,6683.85986328125,6305.7001953125,6614.18017578125,6614.18017578125,4396930048,0,1
2018-07-02,6596.66015625,6671.3701171875,6447.75,6529.58984375,6529.58984375,4672309760,0,1
2018-07-03,6550.8701171875,6771.919921875,6450.4599609375,6597.5498046875,6597.5498046875,4176689920,0,1
2018-07-04,6599.7099609375,6749.5400390625,6546.64990234375,6639.14013671875,6639.14013671875,4999240192,0,1
2018-07-05,6638.68994140625,6700.93994140625,6533.5498046875,6673.5,6673.5,4313959936,0,1
2018-07-06,6668.7099609375,6863.990234375,6579.240234375,6856.93017578125,6856.93017578125,3961080064,0,1
2018-07-07,6857.7998046875,6885.91015625,6747.97998046875,6773.8798828125,6773.8798828125,3386210048,0,1
2018-07-08,6775.080078125,6838.68017578125,6724.33984375,6741.75,6741.75,3718129920,0,1
2018-07-09,6739.2099609375,6767.740234375,6320.72021484375,6329.9501953125,6329.9501953125,4052430080,0,1
2018-07-10,6330.77001953125,6444.9599609375,6330.47021484375,6394.7099609375,6394.7099609375,3644859904,0,1
2018-07-11,6396.77978515625,6397.10009765625,6136.419921875,6228.81005859375,6228.81005859375,3770170112,0,1
2018-07-12,6235.02978515625,6310.5498046875,6192.240234375,6238.0498046875,6238.0498046875,3805400064,0,1
2018-07-13,6247.5,6298.18994140625,6212.22021484375,6276.1201171875,6276.1201171875,2923670016,0,1
2018-07-14,6272.7001953125,6403.4599609375,6256.509765625,6359.64013671875,6359.64013671875,3285459968,0,1
2018-07-15,6357.009765625,6741.75,6357.009765625,6741.75,6741.75,4725799936,0,1
2018-07-16,6739.64990234375,7387.240234375,6684.169921875,7321.0400390625,7321.0400390625,5961950208,0,1
2018-07-17,7315.31982421875,7534.990234375,7280.47021484375,7370.77978515625,7370.77978515625,6103410176,0,1
2018-07-18,7378.2001953125,7494.4599609375,7295.4599609375,7466.85986328125,7466.85986328125,5111629824,0,1
2018-07-19,7467.39990234375,7594.669921875,7323.259765625,7354.1298828125,7354.1298828125,4936869888,0,1
2018-07-20,7352.72021484375,7437.64013671875,7262.41015625,7419.2900390625,7419.2900390625,3726609920,0,1
2018-07-21,7417.7998046875,7537.9501953125,7383.81982421875,7418.490234375,7418.490234375,3695460096,0,1
2018-07-22,7414.7099609375,7771.5,7409.10009765625,7711.10986328125,7711.10986328125,5132480000,0,1
2018-07-23,7716.509765625,8424.26953125,7705.5,8424.26953125,8424.26953125,7277689856,0,1
2018-07-24,8379.66015625,8416.8701171875,8086.35986328125,8181.39013671875,8181.39013671875,5845400064,0,1
2018-07-25,8176.85009765625,8290.330078125,7878.7099609375,7951.580078125,7951.580078125,4899089920,0,1
2018-07-26,7950.39990234375,8262.66015625,7839.759765625,8165.009765625,8165.009765625,5195879936,0,1
2018-07-27,8169.06005859375,8222.849609375,8110.77001953125,8192.150390625,8192.150390625,3988750080,0,1
2018-07-28,8205.8203125,8272.259765625,8141.18017578125,8218.4599609375,8218.4599609375,4107190016,0,1
2018-07-29,8221.580078125,8235.5,7917.5,8180.47998046875,8180.47998046875,5551400000,0,1
2018-07-30,8181.2001953125,8181.52978515625,7696.93017578125,7780.43994140625,7780.43994140625,5287530000,0,1
2018-07-31,7769.0400390625,7769.0400390625,7504.9501953125,7624.91015625,7624.91015625,4797620000,0,1
2018-08-01,7634.18994140625,7712.77001953125,7523.43994140625,7567.14990234375,7567.14990234375,4214110000,0,1
2018-08-02,7562.14013671875,7562.14013671875,7328.64990234375,7434.39013671875,7434.39013671875,4627150000,0,1
2018-08-03,7438.669921875,7497.490234375,6984.06982421875,7032.85009765625,7032.85009765625,4268390000,0,1
2018-08-04,7031.080078125,7102.77001953125,6940.7001953125,7068.47998046875,7068.47998046875,3679110000,0,1
2018-08-05,7062.93994140625,7166.5498046875,6890.5400390625,6951.7998046875,6951.7998046875,3925900000,0,1
2018-08-06,6958.31982421875,7146.56005859375,6748.240234375,6753.1201171875,6753.1201171875,4682800000,0,1
2018-08-07,6746.85009765625,6746.85009765625,6226.22021484375,6305.7998046875,6305.7998046875,5064430000,0,1
2018-08-08,6305.56005859375,6625.72998046875,6249.06982421875,6568.22998046875,6568.22998046875,4267040000,0,1
2018-08-09,6571.419921875,6591.259765625,6124.52001953125,6184.7099609375,6184.7099609375,4528680000,0,1
2018-08-10,6185.7900390625,6455.740234375,6109.02978515625,6295.72998046875,6295.72998046875,4047850000,0,1
2018-08-11,6283.64990234375,6409.85009765625,6237.5,6322.68994140625,6322.68994140625,5665250000,0,1
2018-08-12,6341.35986328125,6537.0498046875,6225.72021484375,6297.56982421875,6297.56982421875,4083980000,0,1
2018-08-13,6287.66015625,6287.93994140625,5971.0498046875,6199.7099609375,6199.7099609375,5301700000,0,1
2018-08-14,6221.419921875,6588.490234375,6221.419921875,6308.52001953125,6308.52001953125,4895450000,0,1
2018-08-15,6294.22998046875,6473.5,6276.41015625,6334.72998046875,6334.72998046875,4328420000,0,1
2018-08-16,6340.91015625,6582.5,6324.97021484375,6580.6298828125,6580.6298828125,4992990000,0,1
2018-08-17,6583.43017578125,6617.35009765625,6353.72998046875,6423.759765625,6423.759765625,3984520000,0,1
2018-08-18,6422.56982421875,6537.97998046875,6361.5498046875,6506.06982421875,6506.06982421875,3311170000,0,1
2018-08-19,6500.509765625,6536.919921875,6297.93017578125,6308.52978515625,6308.52978515625,3665100000,0,1
2018-08-20,6301.06982421875,6500.8701171875,6298.240234375,6488.759765625,6488.759765625,3377180000,0,1
2018-08-21,6486.25,6816.7900390625,6310.10986328125,6376.7099609375,6376.7099609375,4668110000,0,1
2018-08-22,6371.33984375,6546.5400390625,6371.33984375,6534.8798828125,6534.8798828125,3426180000,0,1
2018-08-23,6551.52001953125,6719.9599609375,6498.64013671875,6719.9599609375,6719.9599609375,4097820000,0,1
2018-08-24,6719.9501953125,6789.6298828125,6700.9599609375,6763.18994140625,6763.18994140625,3312600000,0,1
2018-08-25,6754.64013671875,6774.75,6620.75,6707.259765625,6707.259765625,3295500000,0,1
2018-08-26,6710.7998046875,6884.64013671875,6689.7099609375,6884.64013671875,6884.64013671875,4019000000,0,1
2018-08-27,6891.080078125,7109.56005859375,6882.33984375,7096.27978515625,7096.27978515625,4659940000,0,1
2018-08-28,7091.7099609375,7113.2998046875,6970.81982421875,7047.16015625,7047.16015625,4145880000,0,1
2018-08-29,7043.759765625,7072.68994140625,6834.68994140625,6978.22998046875,6978.22998046875,4463250000,0,1
2018-08-30,6973.97021484375,7057.169921875,6920.16015625,7037.580078125,7037.580078125,4495650000,0,1
2018-08-31,7044.81005859375,7242.2900390625,7038.0498046875,7193.25,7193.25,4116050000,0,1
2018-09-01,7189.580078125,7306.31005859375,7132.16015625,7272.72021484375,7272.72021484375,4329540000,0,1
2018-09-02,7279.02978515625,7317.93994140625,7208.14990234375,7260.06005859375,7260.06005859375,4087760000,0,1
2018-09-03,7263.0,7388.259765625,7255.43994140625,7361.66015625,7361.66015625,4273640000,0,1
2018-09-04,7361.4599609375,7388.43017578125,6792.830078125,6792.830078125,6792.830078125,5800460000,0,1
2018-09-05,6755.14013671875,6755.14013671875,6404.72021484375,6529.169921875,6529.169921875,5523470000,0,1
2018-09-06,6528.919921875,6555.2900390625,6396.8701171875,6467.06982421875,6467.06982421875,4264680000,0,1
2018-09-07,6460.169921875,6534.25,6197.52001953125,6225.97998046875,6225.97998046875,3835060000,0,1
2018-09-08,6223.3798828125,6446.259765625,6201.22021484375,6300.85986328125,6300.85986328125,3671890000,0,1
2018-09-09,6301.56982421875,6374.97998046875,6292.759765625,6329.7001953125,6329.7001953125,3714100000,0,1
2018-09-10,6331.8798828125,6398.919921875,6260.2099609375,6321.2001953125,6321.2001953125,3849910000,0,1
2018-09-11,6317.009765625,6363.8701171875,6265.08984375,6351.7998046875,6351.7998046875,4064230000,0,1
2018-09-12,6354.240234375,6535.41015625,6354.240234375,6517.31005859375,6517.31005859375,4210910000,0,1
2018-09-13,6515.41015625,6596.10009765625,6456.169921875,6512.7099609375,6512.7099609375,4076220000,0,1
2018-09-14,6509.39990234375,6561.72021484375,6493.5498046875,6543.2001953125,6543.2001953125,3216300000,0,1
2018-09-15,6536.68017578125,6544.330078125,6460.10009765625,6517.18017578125,6517.18017578125,3273730000,0,1
2018-09-16,6514.06005859375,6540.2099609375,6257.52001953125,6281.2001953125,6281.2001953125,3910780000,0,1
2018-09-17,6280.91015625,6384.18017578125,6265.7099609375,6371.2998046875,6371.2998046875,4180090000,0,1
2018-09-18,6371.85009765625,6448.4599609375,6208.33984375,6398.5400390625,6398.5400390625,4431340000,0,1
2018-09-19,6398.85009765625,6529.259765625,6395.9501953125,6519.669921875,6519.669921875,4348110000,0,1
2018-09-20,6513.8701171875,6794.330078125,6496.35986328125,6734.9501953125,6734.9501953125,6531940000,0,1
2018-09-21,6735.0498046875,6814.56005859375,6616.7998046875,6721.97998046875,6721.97998046875,4509660000,0,1
2018-09-22,6715.31982421875,6766.14990234375,6679.419921875,6710.6298828125,6710.6298828125,4197500000,0,1
2018-09-23,6704.77001953125,6713.56005859375,6580.89990234375,6595.41015625,6595.41015625,4177310000,0,1
2018-09-24,6603.64013671875,6603.64013671875,6381.85986328125,6446.47021484375,6446.47021484375,4726180000,0,1
2018-09-25,6452.7900390625,6585.91015625,6397.89013671875,6495.0,6495.0,4437300000,0,1
2018-09-26,6495.2900390625,6712.10009765625,6464.9501953125,6676.75,6676.75,4606810000,0,1
2018-09-27,6678.75,6785.02978515625,6598.31982421875,6644.1298828125,6644.1298828125,5014430000,0,1
2018-09-28,6643.10009765625,6643.10009765625,6511.64990234375,6601.9599609375,6601.9599609375,4363690000,0,1
2018-09-29,6604.7099609375,6643.77978515625,6566.5400390625,6625.56005859375,6625.56005859375,4002280000,0,1
2018-09-30,6619.85009765625,6653.2998046875,6549.080078125,6589.6201171875,6589.6201171875,4000970000,0,1
2018-10-01,6593.240234375,6611.83984375,6537.89990234375,6556.10009765625,6556.10009765625,3979260000,0,1
2018-10-02,6553.85986328125,6571.4599609375,6454.02978515625,6502.58984375,6502.58984375,3887310000,0,1
2018-10-03,6497.91015625,6603.31005859375,6497.91015625,6576.68994140625,6576.68994140625,3838410000,0,1
2018-10-04,6574.14990234375,6623.6201171875,6557.41015625,6622.47998046875,6622.47998046875,3671500000,0,1
2018-10-05,6622.4501953125,6628.5400390625,6577.7998046875,6588.31005859375,6588.31005859375,3259740000,0,1
2018-10-06,6590.68017578125,6641.490234375,6557.0400390625,6602.9501953125,6602.9501953125,3306630000,0,1
2018-10-07,6600.18994140625,6675.06005859375,6576.0400390625,6652.22998046875,6652.22998046875,3979460000,0,1
2018-10-08,6653.080078125,6661.41015625,6606.93994140625,6642.64013671875,6642.64013671875,3580810000,0,1
2018-10-09,6640.2900390625,6640.2900390625,6538.9599609375,6585.52978515625,6585.52978515625,3787650000,0,1
2018-10-10,6586.740234375,6586.740234375,6243.740234375,6256.240234375,6256.240234375,5181640000,0,1
2018-10-11,6239.25,6328.5,6236.47021484375,6274.580078125,6274.580078125,3783500000,0,1
2018-10-12,6278.080078125,6308.509765625,6259.81005859375,6285.990234375,6285.990234375,3064030000,0,1
2018-10-13,6288.490234375,6363.2099609375,6280.14990234375,6290.93017578125,6290.93017578125,3085320000,0,1
2018-10-14,6292.64013671875,6965.06005859375,6258.68017578125,6596.5400390625,6596.5400390625,7370770000,0,1
2018-10-15,6601.41015625,6673.58984375,6571.3701171875,6596.10986328125,6596.10986328125,4074800000,0,1
2018-10-16,6590.52001953125,6601.2099609375,6517.4501953125,6544.43017578125,6544.43017578125,4088420000,0,1
2018-10-17,6542.330078125,6567.5400390625,6450.0400390625,6476.7099609375,6476.7099609375,3924080000,0,1
2018-10-18,6478.06982421875,6493.68017578125,6445.31005859375,6465.41015625,6465.41015625,3578870000,0,1
2018-10-19,6460.919921875,6497.72021484375,6449.0,6489.18994140625,6489.18994140625,3379130000,0,1
2018-10-20,6490.08984375,6556.3798828125,6476.0,6482.35009765625,6482.35009765625,3253610000,0,1
2018-10-21,6486.0498046875,6543.7998046875,6462.97998046875,6487.16015625,6487.16015625,3672860000,0,1
2018-10-22,6472.35986328125,6506.009765625,6451.27001953125,6475.740234375,6475.740234375,3716150000,0,1
2018-10-23,6478.89013671875,6521.990234375,6468.85986328125,6495.83984375,6495.83984375,3424670000,0,1
2018-10-24,6484.64990234375,6504.64990234375,6447.02978515625,6476.2900390625,6476.2900390625,3230550000,0,1
2018-10-25,6468.43994140625,6498.2900390625,6449.60986328125,6474.75,6474.75,3306050000,0,1
2018-10-26,6480.83984375,6507.41015625,6453.52978515625,6480.3798828125,6480.3798828125,3393250000,0,1
2018-10-27,6482.66015625,6502.27978515625,6447.91015625,6486.39013671875,6486.39013671875,3445190000,0,1
2018-10-29,6492.35009765625,6503.60009765625,6306.990234375,6332.6298828125,6332.6298828125,4199910000,0,1
2018-10-30,6337.0400390625,6364.990234375,6310.14013671875,6334.27001953125,6334.27001953125,3781100000,0,1
2018-10-31,6336.990234375,6349.16015625,6316.8798828125,6317.60986328125,6317.60986328125,4191240000,0,1
2018-11-01,6318.14013671875,6547.14013671875,6311.830078125,6377.77978515625,6377.77978515625,3789400000,0,1
2018-11-02,6378.919921875,6396.85986328125,6327.3798828125,6388.43994140625,6388.43994140625,4234870000,0,1
2018-11-03,6387.240234375,6400.06982421875,6342.3701171875,6361.259765625,6361.259765625,3658640000,0,1
2018-11-04,6365.47021484375,6388.6298828125,6294.56982421875,6376.1298828125,6376.1298828125,4390020000,0,1
2018-11-05,6363.6201171875,6480.58984375,6363.6201171875,6419.66015625,6419.66015625,4174800000,0,1
2018-11-06,6433.3798828125,6463.5498046875,6408.16015625,6461.009765625,6461.009765625,4700040000,0,1
2018-11-07,6468.5,6552.16015625,6468.31005859375,6530.14013671875,6530.14013671875,4941260000,0,1
2018-11-08,6522.27001953125,6536.919921875,6438.52978515625,6453.72021484375,6453.72021484375,4665260000,0,1
2018-11-09,6442.60009765625,6456.4599609375,6373.3701171875,6385.6201171875,6385.6201171875,4346820000,0,1
2018-11-10,6386.1298828125,6437.27978515625,6385.31005859375,6409.22021484375,6409.22021484375,3705320000,0,1
2018-11-11,6413.6298828125,6423.25,6350.169921875,6411.27001953125,6411.27001953125,3939060000,0,1
2018-11-12,6411.759765625,6434.2099609375,6360.47021484375,6371.27001953125,6371.27001953125,4295770000,0,1
2018-11-13,6373.18994140625,6395.27001953125,6342.669921875,6359.490234375,6359.490234375,4503800000,0,1
2018-11-14,6351.240234375,6371.5498046875,5544.08984375,5738.35009765625,5738.35009765625,7398940000,0,1
2018-11-15,5736.14990234375,5774.81982421875,5358.3798828125,5648.02978515625,5648.02978515625,7032140000,0,1
2018-11-16,5645.31982421875,5657.02001953125,5498.93994140625,5575.5498046875,5575.5498046875,5279320000,0,1
2018-11-17,5578.580078125,5578.580078125,5519.56005859375,5554.330078125,5554.330078125,4303150000,0,1
2018-11-18,5559.740234375,5653.60986328125,5559.740234375,5623.5400390625,5623.5400390625,4159680000,0,1
2018-11-19,5620.77978515625,5620.77978515625,4842.91015625,4871.490234375,4871.490234375,7039560000,0,1
2018-11-20,4863.93017578125,4951.60986328125,4272.10986328125,4451.8701171875,4451.8701171875,8428290000,0,1
2018-11-21,4465.5400390625,4675.72998046875,4343.97998046875,4602.169921875,4602.169921875,6120120000,0,1
2018-11-22,4611.56982421875,4629.64013671875,4365.64013671875,4365.93994140625,4365.93994140625,4569370000,0,1
2018-11-23,4360.7001953125,4396.419921875,4195.68017578125,4347.10986328125,4347.10986328125,4871490000,0,1
2018-11-24,4347.68994140625,4413.08984375,3795.159912109375,3880.760009765625,3880.760009765625,4679500000,0,1
2018-11-25,3880.780029296875,4120.8701171875,3585.06005859375,4009.969970703125,4009.969970703125,6825640000,0,1
2018-11-26,4015.070068359375,4107.14013671875,3643.919921875,3779.1298828125,3779.1298828125,6476900000,0,1
2018-11-27,3765.949951171875,3862.9599609375,3661.010009765625,3820.719970703125,3820.719970703125,5998720000,0,1
2018-11-28,3822.469970703125,4385.89990234375,3822.469970703125,4257.419921875,4257.419921875,7280280000,0,1
2018-11-29,4269.00439453125,4413.0205078125,4145.76513671875,4278.8466796875,4278.8466796875,6503347767,0,1
2018-11-30,4289.0888671875,4322.9765625,3942.822021484375,4017.2685546875,4017.2685546875,6048016716,0,1
2018-12-01,4024.46435546875,4309.37744140625,3969.710693359375,4214.671875,4214.671875,5375314093,0,1
2018-12-02,4200.7333984375,4301.51953125,4110.978515625,4139.8779296875,4139.8779296875,5262697895,0,1
2018-12-03,4147.32373046875,4155.9794921875,3840.4462890625,3894.130859375,3894.130859375,5089570993,0,1
2018-12-04,3886.294921875,4075.627685546875,3832.75,3956.893798828125,3956.893798828125,5028069239,0,1
2018-12-05,3958.894775390625,3969.535888671875,3753.994873046875,3753.994873046875,3753.994873046875,5302481573,0,1
2018-12-06,3754.074462890625,3874.966064453125,3521.101806640625,3521.101806640625,3521.101806640625,5878333109,0,1
2018-12-07,3512.59033203125,3512.59033203125,3280.228759765625,3419.937255859375,3419.937255859375,6835615448,0,1
2018-12-08,3421.910400390625,3506.04345703125,3350.650634765625,3476.11474609375,3476.11474609375,5305024497,0,1
2018-12-09,3473.2275390625,3685.3056640625,3469.09423828125,3614.234375,3614.234375,4947372847,0,1
2018-12-10,3612.04638671875,3647.33251953125,3470.14453125,3502.656005859375,3502.656005859375,5020968740,0,1
2018-12-11,3497.5546875,3513.18505859375,3392.25,3424.588134765625,3424.588134765625,4696765187,0,1
2018-12-12,3421.458251953125,3534.228515625,3413.4814453125,3486.9501953125,3486.9501953125,4139364828,0,1
2018-12-13,3487.87939453125,3489.739501953125,3298.132080078125,3313.67724609375,3313.67724609375,4343372456,0,1
2018-12-14,3311.751953125,3329.555908203125,3206.542236328125,3242.48486328125,3242.48486328125,4372763663,0,1
2018-12-15,3243.99755859375,3275.3779296875,3191.303466796875,3236.76171875,3236.76171875,3551763561,0,1
2018-12-16,3236.274658203125,3305.753173828125,3233.81982421875,3252.839111328125,3252.839111328125,3744248994,0,1
2018-12-17,3253.123046875,3597.91796875,3253.123046875,3545.86474609375,3545.86474609375,5409247918,0,1
2018-12-18,3544.761474609375,3701.349365234375,3487.169189453125,3696.05908203125,3696.05908203125,5911325472,0,1
2018-12-19,3706.824951171875,3949.322998046875,3687.22998046875,3745.95068359375,3745.95068359375,6810689118,0,1
2018-12-20,3742.195068359375,4191.228515625,3728.974609375,4134.44140625,4134.44140625,8927129279,0,1
2018-12-21,4133.70361328125,4198.4296875,3850.9462890625,3896.543701171875,3896.543701171875,7206015706,0,1
2018-12-22,3898.083740234375,4014.1826171875,3855.739013671875,4014.1826171875,4014.1826171875,5605823232,0,1
2018-12-23,4020.99462890625,4085.7236328125,3976.40576171875,3998.980224609375,3998.980224609375,6151275489,0,1
2018-12-24,4000.331787109375,4271.79248046875,4000.331787109375,4078.59912109375,4078.59912109375,7240968501,0,1
2018-12-25,4081.030517578125,4089.5615234375,3760.0205078125,3815.49072265625,3815.49072265625,6158207293,0,1
2018-12-26,3819.666748046875,3893.359619140625,3769.86376953125,3857.297607421875,3857.297607421875,5326547918,0,1
2018-12-27,3854.6884765625,3874.4169921875,3645.448486328125,3654.83349609375,3654.83349609375,5130222366,0,1
2018-12-28,3653.1318359375,3956.135986328125,3642.632080078125,3923.918701171875,3923.918701171875,5631554348,0,1
2018-12-29,3932.49169921875,3963.7587890625,3820.40869140625,3820.40869140625,3820.40869140625,4991655917,0,1
2018-12-30,3822.384765625,3901.908935546875,3797.21923828125,3865.95263671875,3865.95263671875,4770578574,0,1
2018-12-31,3866.839111328125,3868.742919921875,3725.867431640625,3742.700439453125,3742.700439453125,4661840806,0,1
2019-01-01,3746.71337890625,3850.913818359375,3707.231201171875,3843.52001953125,3843.52001953125,4324200990,0,1
2019-01-02,3849.21630859375,3947.981201171875,3817.409423828125,3943.409423828125,3943.409423828125,5244856835,0,1
2019-01-03,3931.048583984375,3935.68505859375,3826.222900390625,3836.7412109375,3836.7412109375,4530215218,0,1
2019-01-04,3832.0400390625,3865.9345703125,3783.853759765625,3857.717529296875,3857.717529296875,4847965467,0,1
2019-01-05,3851.973876953125,3904.903076171875,3836.900146484375,3845.194580078125,3845.194580078125,5137609823,0,1
2019-01-06,3836.51904296875,4093.29736328125,3826.51318359375,4076.632568359375,4076.632568359375,5597027439,0,1
2019-01-07,4078.5849609375,4092.613525390625,4020.89404296875,4025.248291015625,4025.248291015625,5228625637,0,1
2019-01-08,4028.47216796875,4109.02099609375,3996.955322265625,4030.847900390625,4030.847900390625,5306593305,0,1
2019-01-09,4031.552001953125,4068.403564453125,4022.662841796875,4035.29638671875,4035.29638671875,5115905224,0,1
2019-01-10,4034.411376953125,4064.066650390625,3659.174560546875,3678.924560546875,3678.924560546875,6874143795,0,1
2019-01-11,3674.015380859375,3713.8818359375,3653.06982421875,3687.365478515625,3687.365478515625,5538712864,0,1
2019-01-12,3686.97314453125,3698.978271484375,3653.810791015625,3661.301025390625,3661.301025390625,4778170882,0,1
2019-01-13,3658.8681640625,3674.760009765625,3544.92724609375,3552.953125,3552.953125,4681302465,0,1
2019-01-14,3557.31103515625,3727.836181640625,3552.28515625,3706.05224609375,3706.05224609375,5651384489,0,1
2019-01-15,3704.21630859375,3720.1533203125,3619.94921875,3630.67529296875,3630.67529296875,5537192301,0,1
2019-01-16,3631.509765625,3685.777099609375,3624.67333984375,3655.0068359375,3655.0068359375,5394457144,0,1
2019-01-17,3651.87109375,3680.135986328125,3621.9609375,3678.56396484375,3678.56396484375,5464420383,0,1
2019-01-18,3677.990478515625,3682.52001953125,3637.080810546875,3657.83935546875,3657.83935546875,5002961726,0,1
2019-01-19,3652.3779296875,3758.533447265625,3652.3779296875,3728.568359375,3728.568359375,5955691379,0,1
2019-01-20,3725.446044921875,3743.387939453125,3583.01953125,3601.013671875,3601.013671875,5582489559,0,1
2019-01-21,3600.372802734375,3608.8408203125,3558.537109375,3576.032470703125,3576.032470703125,5004347059,0,1
2019-01-22,3575.081298828125,3620.74658203125,3539.721435546875,3604.5771484375,3604.5771484375,5313623556,0,1
2019-01-23,3605.55712890625,3623.06787109375,3565.31396484375,3585.123046875,3585.123046875,5433755648,0,1
2019-01-24,3584.500244140625,3616.08740234375,3569.0927734375,3600.865478515625,3600.865478515625,5262869046,0,1
2019-01-25,3607.390380859375,3612.927734375,3575.597412109375,3599.765869140625,3599.765869140625,5265847538,0,1
2019-01-26,3599.71533203125,3654.93310546875,3593.345947265625,3602.46044921875,3602.46044921875,5098183234,0,1
2019-01-27,3604.687255859375,3612.67138671875,3567.245849609375,3583.9658203125,3583.9658203125,5570752966,0,1
2019-01-28,3584.283203125,3586.7509765625,3439.23291015625,3470.450439453125,3470.450439453125,6908930483,0,1
2019-01-29,3468.8701171875,3476.0654296875,3400.81982421875,3448.116943359375,3448.116943359375,5897159492,0,1
2019-01-30,3443.89697265625,3495.1748046875,3429.387939453125,3486.181640625,3486.181640625,5955112626,0,1
2019-01-31,3485.4091796875,3504.804931640625,3447.915771484375,3457.792724609375,3457.792724609375,5831198270,0,1
2019-02-01,3460.547119140625,3501.9541015625,3431.591552734375,3487.9453125,3487.9453125,5422926707,0,1
2019-02-02,3484.6259765625,3523.287353515625,3467.57470703125,3521.060791015625,3521.060791015625,5071623600,0,1
2019-02-03,3516.1396484375,3521.38818359375,3447.92431640625,3464.013427734375,3464.013427734375,5043937583,0,1
2019-02-04,3467.211669921875,3476.223876953125,3442.5869140625,3459.154052734375,3459.154052734375,5332718886,0,1
2019-02-05,3454.950927734375,3478.148193359375,3451.93701171875,3466.357421875,3466.357421875,5227549544,0,1
2019-02-06,3469.091796875,3469.091796875,3398.5654296875,3413.767822265625,3413.767822265625,5482196037,0,1
2019-02-07,3414.929443359375,3427.945556640625,3394.218505859375,3399.4716796875,3399.4716796875,5004962682,0,1
2019-02-08,3401.37646484375,3695.614013671875,3391.023681640625,3666.7802734375,3666.7802734375,7735623101,0,1
2019-02-09,3671.5859375,3679.94140625,3646.559326171875,3671.20361328125,3671.20361328125,6158833644,0,1
2019-02-10,3673.201416015625,3695.0361328125,3640.97998046875,3690.188232421875,3690.188232421875,6282256902,0,1
2019-02-11,3695.613037109375,3695.613037109375,3642.287841796875,3648.4306640625,3648.4306640625,6277056433,0,1
2019-02-12,3642.751953125,3668.5869140625,3618.556884765625,3653.528564453125,3653.528564453125,6480384531,0,1
2019-02-13,3653.60400390625,3669.74658203125,3617.246337890625,3632.070556640625,3632.070556640625,6438903822,0,1
2019-02-14,3631.170166015625,3646.256591796875,3607.69775390625,3616.880859375,3616.880859375,6271044417,0,1
2019-02-15,3617.368408203125,3647.795166015625,3608.20654296875,3620.810791015625,3620.810791015625,6091952230,0,1
2019-02-16,3615.270263671875,3652.84130859375,3615.270263671875,3629.78759765625,3629.78759765625,5934744051,0,1
2019-02-17,3633.359375,3680.537353515625,3619.18212890625,3673.836181640625,3673.836181640625,7039512502,0,1
2019-02-18,3671.369873046875,3936.6650390625,3669.982421875,3915.71435546875,3915.71435546875,9908216640,0,1
2019-02-19,3911.66162109375,4010.87939453125,3908.153076171875,3947.094482421875,3947.094482421875,9933626654,0,1
2019-02-20,3946.68505859375,4000.486328125,3926.246826171875,3999.820556640625,3999.820556640625,8693373948,0,1
2019-02-21,4000.2568359375,4010.009521484375,3940.108154296875,3954.1181640625,3954.1181640625,7775128102,0,1
2019-02-22,3952.406494140625,4006.538330078125,3950.81640625,4005.526611328125,4005.526611328125,7826525254,0,1
2019-02-23,3998.916259765625,4166.2861328125,3968.726806640625,4142.52685546875,4142.52685546875,8922258315,0,1
2019-02-24,4145.4580078125,4210.6416015625,3793.708984375,3810.427490234375,3810.427490234375,10794227451,0,1
2019-02-25,3807.00244140625,3913.707275390625,3807.00244140625,3882.6962890625,3882.6962890625,9318796066,0,1
2019-02-26,3878.697265625,3891.578857421875,3837.986328125,3854.35791015625,3854.35791015625,7931218996,0,1
2019-02-27,3857.479736328125,3888.802490234375,3787.058837890625,3851.04736328125,3851.04736328125,8301309684,0,1
2019-02-28,3848.261962890625,3906.058349609375,3845.8212890625,3854.785400390625,3854.785400390625,8399767798,0,1
2019-03-01,3853.757080078125,3907.79541015625,3851.6923828125,3859.583740234375,3859.583740234375,7661247975,0,1
2019-03-02,3855.318115234375,3874.607421875,3832.1279296875,3864.4150390625,3864.4150390625,7578786075,0,1
2019-03-03,3862.26611328125,3875.483642578125,3836.90576171875,3847.17578125,3847.17578125,7253558152,0,1
2019-03-04,3845.091552734375,3867.3818359375,3733.749755859375,3761.55712890625,3761.55712890625,9029175787,0,1
2019-03-05,3759.83251953125,3903.916748046875,3745.18310546875,3896.375,3896.375,10174126414,0,1
2019-03-06,3897.0810546875,3919.510498046875,3871.460693359375,3903.942626953125,3903.942626953125,9175291528,0,1
2019-03-07,3903.384765625,3939.373291015625,3894.113037109375,3911.484375,3911.484375,9584165518,0,1
2019-03-08,3913.225830078125,3950.43212890625,3875.228515625,3901.131591796875,3901.131591796875,10638638944,0,1
2019-03-09,3894.552490234375,3987.23779296875,3892.390380859375,3963.313720703125,3963.313720703125,10796103518,0,1
2019-03-10,3966.17431640625,3966.17431640625,3924.381103515625,3951.599853515625,3951.599853515625,9713267606,0,1
2019-03-11,3953.740234375,3966.384765625,3889.239013671875,3905.227294921875,3905.227294921875,10125901902,0,1
2019-03-12,3903.75830078125,3926.88916015625,3863.55908203125,3909.15625,3909.15625,9809887079,0,1
2019-03-13,3913.04736328125,3926.59765625,3891.904296875,3906.71728515625,3906.71728515625,9469184841,0,1
2019-03-14,3905.576904296875,3946.50439453125,3901.296875,3924.369140625,3924.369140625,10480789569,0,1
2019-03-15,3926.663330078125,3968.54296875,3914.015380859375,3960.9111328125,3960.9111328125,9394210604,0,1
2019-03-16,3963.900146484375,4077.036376953125,3961.657470703125,4048.725830078125,4048.725830078125,9856166973,0,1
2019-03-17,4047.719482421875,4054.1220703125,4006.4111328125,4025.22900390625,4025.22900390625,8221625399,0,1
2019-03-18,4029.968505859375,4071.556640625,4009.1171875,4032.50732421875,4032.50732421875,9646954186,0,1
2019-03-19,4032.69189453125,4082.216064453125,4023.8125,4071.190185546875,4071.190185546875,9344919956,0,1
2019-03-20,4070.7939453125,4089.4619140625,4031.11083984375,4087.476318359375,4087.476318359375,10175916388,0,1
2019-03-21,4083.953857421875,4097.35986328125,4005.1513671875,4029.326904296875,4029.326904296875,10831212661,0,1
2019-03-22,4028.5146484375,4053.90673828125,4021.54248046875,4023.96826171875,4023.96826171875,9252935969,0,1
2019-03-23,4022.71337890625,4049.882568359375,4015.964599609375,4035.826416015625,4035.826416015625,9578850549,0,1
2019-03-24,4035.16357421875,4040.69970703125,4006.19287109375,4022.168212890625,4022.168212890625,9144851064,0,1
2019-03-25,4024.11279296875,4038.8408203125,3934.03125,3963.070556640625,3963.070556640625,10359818882,0,1
2019-03-26,3969.228759765625,3985.080810546875,3944.753173828125,3985.080810546875,3985.080810546875,10707678814,0,1
2019-03-27,3984.244873046875,4087.066162109375,3977.810546875,4087.066162109375,4087.066162109375,10897131934,0,1
2019-03-28,4087.58447265625,4094.902099609375,4040.266357421875,4069.107177734375,4069.107177734375,9353915899,0,1
2019-03-29,4068.2998046875,4113.5009765625,4034.09716796875,4098.37451171875,4098.37451171875,10918665556,0,1
2019-03-30,4092.13623046875,4296.806640625,4053.90966796875,4106.66015625,4106.66015625,9732688060,0,1
2019-03-31,4105.4560546875,4113.0234375,4094.100830078125,4105.404296875,4105.404296875,9045122442,0,1
2019-03-31,4105.3623046875,4164.953125,4096.9013671875,4158.18310546875,4158.18310546875,10157794170,0,1
2019-04-01,4156.91943359375,4905.95458984375,4155.31689453125,4879.8779296875,4879.8779296875,21315047816,0,1
2019-04-02,4879.9580078125,5307.00341796875,4876.62109375,4973.02197265625,4973.02197265625,22899891582,0,1
2019-04-03,4971.3076171875,5063.15966796875,4836.7939453125,4922.798828125,4922.798828125,18251810239,0,1
2019-04-04,4922.80615234375,5053.509765625,4919.49169921875,5036.68115234375,5036.68115234375,16837325387,0,1
2019-04-05,5036.79296875,5205.82177734375,4992.22216796875,5059.8173828125,5059.8173828125,16929795193,0,1
2019-04-06,5062.7939453125,5235.1865234375,5050.412109375,5198.89697265625,5198.89697265625,16655416140,0,1
2019-04-07,5199.83544921875,5318.83642578125,5148.2119140625,5289.77099609375,5289.77099609375,17154113634,0,1
2019-04-08,5289.91796875,5289.91796875,5167.4189453125,5204.95849609375,5204.95849609375,14722104361,0,1
2019-04-09,5204.10546875,5421.6513671875,5193.38232421875,5324.5517578125,5324.5517578125,15504590933,0,1
2019-04-10,5325.08154296875,5354.2255859375,5017.29638671875,5064.48779296875,5064.48779296875,16555616019,0,1
2019-04-11,5061.20068359375,5103.2744140625,4955.8525390625,5089.5390625,5089.5390625,13675206312,0,1
2019-04-12,5088.85009765625,5127.1220703125,5061.58935546875,5096.58642578125,5096.58642578125,10823289598,0,1
2019-04-13,5095.7587890625,5184.01611328125,5053.568359375,5167.72216796875,5167.72216796875,10391952498,0,1
2019-04-14,5167.32177734375,5196.60693359375,5024.0693359375,5067.1083984375,5067.1083984375,12290155060,0,1
2019-04-15,5066.57763671875,5238.9453125,5055.19482421875,5235.5595703125,5235.5595703125,11618660197,0,1
2019-04-16,5236.13525390625,5274.275390625,5219.20556640625,5251.93798828125,5251.93798828125,12438480676,0,1
2019-04-17,5251.48046875,5319.986328125,5250.5068359375,5298.3857421875,5298.3857421875,13256489918,0,1
2019-04-18,5298.154296875,5336.68017578125,5233.33544921875,5303.8125,5303.8125,13780238655,0,1
2019-04-19,5304.16064453125,5358.49072265625,5295.8779296875,5337.88623046875,5337.88623046875,13169647522,0,1
2019-04-20,5335.87890625,5359.9248046875,5257.33935546875,5314.53125,5314.53125,13731844222,0,1
2019-04-21,5312.49462890625,5422.6875,5280.27685546875,5399.365234375,5399.365234375,14601631647,0,1
2019-04-22,5399.36572265625,5633.80224609375,5389.40869140625,5572.36181640625,5572.36181640625,15867308107,0,1
2019-04-23,5571.50830078125,5642.04443359375,5418.26318359375,5464.86669921875,5464.86669921875,17048033399,0,1
2019-04-24,5466.5244140625,5542.23828125,5181.3388671875,5210.515625,5210.515625,15330283408,0,1
2019-04-25,5210.3046875,5383.63427734375,5177.36865234375,5279.34814453125,5279.34814453125,16812108039,0,1
2019-04-26,5279.47119140625,5310.75,5233.6357421875,5268.291015625,5268.291015625,13111274675,0,1
2019-04-27,5271.74658203125,5326.23193359375,5255.68359375,5285.13916015625,5285.13916015625,12819992055,0,1
2019-04-28,5284.8583984375,5311.27490234375,5216.48779296875,5247.3525390625,5247.3525390625,13735490672,0,1
2019-04-29,5247.72607421875,5363.25732421875,5224.18994140625,5350.7265625,5350.7265625,13878964573,0,1
2019-04-30,5350.91455078125,5418.00390625,5347.64599609375,5402.697265625,5402.697265625,13679528236,0,1
2019-05-01,5402.4228515625,5522.2626953125,5394.21728515625,5505.28369140625,5505.28369140625,14644460907,0,1
2019-05-02,5505.55224609375,5865.8818359375,5490.20166015625,5768.28955078125,5768.28955078125,18720780005,0,1
2019-05-03,5769.20263671875,5886.8935546875,5645.46923828125,5831.16748046875,5831.16748046875,17567780765,0,1
2019-05-04,5831.068359375,5833.86279296875,5708.03515625,5795.70849609375,5795.70849609375,14808830722,0,1
2019-05-05,5791.693359375,5802.95751953125,5653.6875,5746.80712890625,5746.80712890625,15737171804,0,1
2019-05-06,5745.59912109375,5988.17822265625,5741.39599609375,5829.50146484375,5829.50146484375,18026409032,0,1
2019-05-07,5849.4814453125,5989.98095703125,5794.7158203125,5982.45751953125,5982.45751953125,15320605299,0,1
2019-05-08,5982.31640625,6183.0390625,5982.31640625,6174.52880859375,6174.52880859375,16784645410,0,1
2019-05-09,6175.82275390625,6434.61767578125,6161.51904296875,6378.84912109375,6378.84912109375,19419875367,0,1
2019-05-10,6379.6669921875,7333.0029296875,6375.69873046875,7204.771484375,7204.771484375,28867562329,0,1
2019-05-11,7203.50732421875,7503.8720703125,6815.77099609375,6972.37158203125,6972.37158203125,27773333679,0,1
2019-05-12,6971.17822265625,8047.4130859375,6898.2822265625,7814.9150390625,7814.9150390625,28677672181,0,1
2019-05-13,7807.88427734375,8268.712890625,7696.39111328125,7994.416015625,7994.416015625,32031452226,0,1
2019-05-14,7989.37451171875,8216.423828125,7899.10693359375,8205.16796875,8205.16796875,28344112919,0,1
2019-05-15,8194.5009765625,8320.82421875,7729.6083984375,7884.9091796875,7884.9091796875,33167197581,0,1
2019-05-16,7886.92578125,7929.1455078125,7038.12451171875,7343.8955078125,7343.8955078125,30066644905,0,1
2019-05-17,7341.66455078125,7447.27197265625,7251.50439453125,7271.2080078125,7271.2080078125,21354286561,0,1
2019-05-18,7267.962890625,8261.94140625,7267.962890625,8197.689453125,8197.689453125,25902422039,0,1
2019-05-19,8196.923828125,8200.9677734375,7678.78173828125,7978.30908203125,7978.30908203125,23843404339,0,1
2019-05-20,7977.96923828125,8062.16796875,7843.33984375,7963.32763671875,7963.32763671875,25127245056,0,1
2019-05-21,7956.2919921875,7997.6123046875,7615.9873046875,7680.06640625,7680.06640625,24719473174,0,1
2019-05-22,7677.26904296875,7943.79150390625,7533.19677734375,7881.8466796875,7881.8466796875,24457107820,0,1
2019-05-23,7881.6953125,8140.7197265625,7824.44873046875,7987.37158203125,7987.37158203125,25919126990,0,1
2019-05-24,7991.88525390625,8117.92578125,7965.97607421875,8052.5439453125,8052.5439453125,22256813106,0,1
2019-05-25,8055.2060546875,8687.5205078125,7924.67041015625,8673.2158203125,8673.2158203125,26677970091,0,1
2019-05-26,8674.072265625,8907.1748046875,8668.705078125,8805.7783203125,8805.7783203125,27949839563,0,1
2019-05-27,8802.7578125,8807.0166015625,8634.7216796875,8719.9619140625,8719.9619140625,24226919266,0,1
2019-05-28,8718.591796875,8755.8525390625,8482.728515625,8659.4873046875,8659.4873046875,23473479966,0,1
2019-05-29,8661.7607421875,9008.314453125,8221.2734375,8319.47265625,8319.47265625,29246528551,0,1
2019-05-30,8320.2861328125,8586.6591796875,8172.55078125,8574.501953125,8574.501953125,25365190957,0,1
2019-05-31,8573.83984375,8625.6005859375,8481.578125,8564.0166015625,8564.0166015625,22488303543,0,1
2019-06-01,8565.4736328125,8809.3037109375,8561.2353515625,8742.9580078125,8742.9580078125,20266216022,0,1
2019-06-02,8741.7470703125,8743.5,8204.185546875,8208.9951171875,8208.9951171875,22004511436,0,1
2019-06-03,8210.9853515625,8210.9853515625,7564.48876953125,7707.77099609375,7707.77099609375,24609731548,0,1
2019-06-04,7704.34326171875,7901.84912109375,7668.66845703125,7824.2314453125,7824.2314453125,21760923463,0,1
2019-06-05,7819.63330078125,7937.3408203125,7571.47119140625,7822.0234375,7822.0234375,19474611077,0,1
2019-06-06,7826.9013671875,8126.1533203125,7788.37353515625,8043.951171875,8043.951171875,19141423230,0,1
2019-06-07,8036.77490234375,8076.89111328125,7837.61083984375,7954.1279296875,7954.1279296875,16522722809,0,1
2019-06-08,7949.6748046875,7975.97412109375,7583.2197265625,7688.0771484375,7688.0771484375,16610726547,0,1
2019-06-09,7692.28466796875,8031.90966796875,7586.73095703125,8000.32958984375,8000.32958984375,18689275117,0,1
2019-06-10,8004.24365234375,8026.39404296875,7772.8037109375,7927.71435546875,7927.71435546875,17107279931,0,1
2019-06-11,7925.43408203125,8196.6484375,7862.35986328125,8145.857421875,8145.857421875,19034432883,0,1
2019-06-12,8145.54541015625,8311.5673828125,8087.06103515625,8230.923828125,8230.923828125,18669407147,0,1
2019-06-13,8230.8984375,8710.63671875,8183.39306640625,8693.8330078125,8693.8330078125,19831162905,0,1
2019-06-14,8689.74609375,8859.1279296875,8618.3955078125,8838.375,8838.375,18371033226,0,1
2019-06-15,8841.4404296875,9335.8671875,8814.556640625,8994.48828125,8994.48828125,23348550310,0,1
2019-06-16,8988.923828125,9416.4072265625,8988.923828125,9320.3525390625,9320.3525390625,15562951918,0,1
2019-06-17,9335.466796875,9348.3740234375,9004.9013671875,9081.7626953125,9081.7626953125,15848210535,0,1
2019-06-18,9078.7275390625,9299.62109375,9070.3955078125,9273.521484375,9273.521484375,15546809946,0,1
2019-06-19,9273.060546875,9594.419921875,9232.484375,9527.16015625,9527.16015625,17846823783,0,1
2019-06-20,9525.07421875,10144.556640625,9525.07421875,10144.556640625,10144.556640625,20624008643,0,1
2019-06-21,10175.923828125,11157.345703125,10107.03515625,10701.69140625,10701.69140625,29995204860,0,1
2019-06-22,10696.69140625,11246.14453125,10556.095703125,10855.37109375,10855.37109375,20998326501,0,1
2019-06-23,10853.744140625,11065.896484375,10610.427734375,11011.1025390625,11011.1025390625,19271652364,0,1
2019-06-24,11007.2021484375,11790.9169921875,11007.2021484375,11790.9169921875,11790.9169921875,24879684533,0,1
2019-06-25,11778.5810546875,13796.4892578125,11755.59765625,13016.2314453125,13016.2314453125,45105733173,0,1
2019-06-26,13017.125,13311.14453125,10491.8525390625,11182.806640625,11182.806640625,39977475222,0,1
2019-06-27,11162.16796875,12445.1748046875,10914.4951171875,12407.33203125,12407.33203125,35087757765,0,1
2019-06-28,12400.763671875,12400.91015625,11508.37890625,11959.37109375,11959.37109375,29923961127,0,1
2019-06-29,11931.9912109375,12178.3837890625,10799.0087890625,10817.1552734375,10817.1552734375,27256473494,0,1
2019-06-30,10796.9306640625,11206.439453125,10089.314453125,10583.134765625,10583.134765625,29378589324,0,1
2019-07-01,10588.68359375,10912.1884765625,9737.884765625,10801.677734375,10801.677734375,31015895222,0,1
2019-07-02,10818.15625,11968.078125,10818.15625,11961.26953125,11961.26953125,30796494293,0,1
2019-07-03,11972.71875,12006.0751953125,11166.5693359375,11215.4375,11215.4375,25920294033,0,1
2019-07-04,11203.1025390625,11395.6611328125,10874.96484375,10978.4599609375,10978.4599609375,23838480210,0,1
2019-07-05,10982.5439453125,11620.96484375,10982.5439453125,11208.55078125,11208.55078125,21092024306,0,1
2019-07-06,11217.6162109375,11541.6201171875,11148.8046875,11450.8466796875,11450.8466796875,19369044276,0,1
2019-07-07,11446.5966796875,12345.8330078125,11393.3740234375,12285.9580078125,12285.9580078125,23482551458,0,1
2019-07-08,12284.326171875,12779.1318359375,12233.26171875,12573.8125,12573.8125,28167921522,0,1
2019-07-09,12571.537109375,13129.529296875,11710.978515625,12156.5126953125,12156.5126953125,33627574244,0,1
2019-07-10,12139.7138671875,12144.623046875,11158.9228515625,11358.662109375,11358.662109375,28595327690,0,1
2019-07-11,11354.2998046875,11905.4873046875,11179.14453125,11815.986328125,11815.986328125,23534692796,0,1
2019-07-12,11813.126953125,11841.95703125,10908.4794921875,11392.37890625,11392.37890625,21042616383,0,1
2019-07-13,11381.0205078125,11451.2041015625,10234.576171875,10256.05859375,10256.05859375,22486000001,0,1
2019-07-14,10257.8388671875,11052.7666015625,9992.0068359375,10895.08984375,10895.08984375,25384047206,0,1
2019-07-15,10896.6533203125,10996.6328125,9448.1064453125,9477.6416015625,9477.6416015625,24151199069,0,1
2019-07-16,9471.2138671875,9963.134765625,9163.134765625,9693.802734375,9693.802734375,24569921548,0,1
2019-07-17,9698.5029296875,10736.8427734375,9376.798828125,10666.482421875,10666.482421875,25187024648,0,1
2019-07-18,10653.9560546875,10716.98046875,10229.62890625,10530.732421875,10530.732421875,20727426309,0,1
2019-07-19,10525.8193359375,11048.662109375,10451.2763671875,10767.1396484375,10767.1396484375,20206615154,0,1
2019-07-20,10777.529296875,10841.8876953125,10389.599609375,10599.10546875,10599.10546875,17130580467,0,1
2019-07-21,10596.9482421875,10651.791015625,10154.921875,10343.1064453125,10343.1064453125,16334414913,0,1
2019-07-22,10346.748046875,10346.748046875,9883.5947265625,9900.767578125,9900.767578125,17851916994,0,1
2019-07-23,9887.73046875,9908.796875,9614.306640625,9811.92578125,9811.92578125,17398734321,0,1
2019-07-24,9809.0966796875,10154.25390625,9773.95703125,9911.841796875,9911.841796875,15821952090,0,1
2019-07-25,9913.126953125,9916.517578125,9717.982421875,9870.3037109375,9870.3037109375,14495714483,0,1
2019-07-26,9871.1650390625,10167.3203125,9411.521484375,9477.677734375,9477.677734375,16817809536,0,1
2019-07-27,9491.626953125,9575.544921875,9252.296875,9552.8603515625,9552.8603515625,13738687092,0,1
2019-07-28,9548.1787109375,9681.6484375,9472.9482421875,9519.1455078125,9519.1455078125,13791445323,0,1
2019-07-29,9522.3291015625,9701.759765625,9437.3359375,9607.423828125,9607.423828125,13829811132,0,1
2019-07-30,9604.05078125,10085.6279296875,9598.09765625,10085.6279296875,10085.6279296875,16631520647,0,1
2019-07-31,10077.4423828125,10446.919921875,9922.01953125,10399.6689453125,10399.6689453125,17165337857,0,1
2019-08-01,10402.04296875,10657.953125,10371.013671875,10518.1748046875,10518.1748046875,17489094081,0,1
2019-08-02,10519.2783203125,10946.78125,10503.5048828125,10821.7265625,10821.7265625,15352685060,0,1
2019-08-03,10821.6328125,11009.20703125,10620.2783203125,10970.1845703125,10970.1845703125,16530894786,0,1
2019-08-04,10960.7353515625,11895.091796875,10960.7353515625,11805.6533203125,11805.6533203125,23875988832,0,1
2019-08-05,11811.544921875,12273.8212890625,11290.7314453125,11478.1689453125,11478.1689453125,23635107659,0,1
2019-08-06,11476.193359375,12036.990234375,11433.701171875,11941.96875,11941.96875,22194988641,0,1
2019-08-07,11954.0400390625,11979.419921875,11556.16796875,11966.4072265625,11966.4072265625,19481591729,0,1
2019-08-08,11953.4697265625,11970.4580078125,11709.7451171875,11862.9365234375,11862.9365234375,18339989959,0,1
2019-08-09,11861.556640625,11915.6552734375,11323.8984375,11354.0244140625,11354.0244140625,18125355447,0,1
2019-08-10,11349.740234375,11523.5791015625,11248.294921875,11523.5791015625,11523.5791015625,15774371517,0,1
2019-08-11,11528.189453125,11528.189453125,11320.951171875,11382.6162109375,11382.6162109375,13647198229,0,1
2019-08-12,11385.052734375,11420.0498046875,10830.3271484375,10895.830078125,10895.830078125,16681503536,0,1
2019-08-13,10889.4873046875,10889.556640625,10028.1357421875,10051.7041015625,10051.7041015625,19990838299,0,1
2019-08-14,10038.421875,10437.4111328125,9675.31640625,10311.5458984375,10311.5458984375,22899115082,0,1
2019-08-15,10319.419921875,10524.349609375,9855.478515625,10374.3388671875,10374.3388671875,20228207096,0,1
2019-08-16,10358.72265625,10452.625,10086.6982421875,10231.744140625,10231.744140625,13778035685,0,1
2019-08-17,10233.005859375,10487.0703125,10119.0947265625,10345.810546875,10345.810546875,12999813869,0,1
2019-08-18,10350.283203125,10916.0537109375,10313.2041015625,10916.0537109375,10916.0537109375,16038264603,0,1
2019-08-19,10916.3466796875,10947.0419921875,10618.9609375,10763.232421875,10763.232421875,15053082175,0,1
2019-08-20,10764.572265625,10798.7294921875,9962.7216796875,10138.0498046875,10138.0498046875,19473084767,0,1
2019-08-21,10142.521484375,10232.99609375,9831.462890625,10131.0556640625,10131.0556640625,17097508856,0,1
2019-08-22,10136.3095703125,10442.443359375,10078.1923828125,10407.96484375,10407.96484375,15627023886,0,1
2019-08-23,10407.64453125,10418.0205078125,9982.296875,10159.9609375,10159.9609375,15451030650,0,1
2019-08-24,10160.7373046875,10304.6220703125,10008.7890625,10138.517578125,10138.517578125,14153856609,0,1
2019-08-25,10126.2998046875,10512.328125,10126.2998046875,10370.8203125,10370.8203125,18438654079,0,1
2019-08-26,10372.826171875,10381.328125,10087.30078125,10185.5,10185.5,14762609502,0,1
2019-08-27,10203.4267578125,10279.3662109375,9716.65625,9754.4228515625,9754.4228515625,17603790323,0,1
2019-08-28,9756.7861328125,9756.7861328125,9421.6298828125,9510.2001953125,9510.2001953125,17045878500,0,1
2019-08-29,9514.8447265625,9656.1240234375,9428.302734375,9598.173828125,9598.173828125,13595263986,0,1
2019-08-30,9597.5390625,9673.220703125,9531.7998046875,9630.6640625,9630.6640625,11454806419,0,1
2019-08-31,9630.5927734375,9796.755859375,9582.9443359375,9757.970703125,9757.970703125,11445355859,0,1
2019-09-01,9757.4736328125,10396.591796875,9730.650390625,10346.7607421875,10346.7607421875,17248102293,0,1
2019-09-02,10345.7255859375,10736.1044921875,10308.5478515625,10623.5400390625,10623.5400390625,19384917988,0,1
2019-09-03,10621.1806640625,10762.64453125,10434.7099609375,10594.4931640625,10594.4931640625,16742664768,0,1
2019-09-04,10588.18359375,10627.26953125,10516.41796875,10575.533203125,10575.533203125,14551239507,0,1
2019-09-05,10578.1982421875,10898.76171875,10292.2998046875,10353.302734375,10353.302734375,19536574782,0,1
2019-09-06,10353.931640625,10558.673828125,10348.9189453125,10517.2548828125,10517.2548828125,15307366476,0,1
2019-09-07,10518.1142578125,10595.6376953125,10409.0908203125,10441.2763671875,10441.2763671875,13670567492,0,1
2019-09-08,10443.228515625,10450.3115234375,10144.9296875,10334.974609375,10334.974609375,17595943367,0,1
2019-09-09,10336.408203125,10394.353515625,10020.5732421875,10115.9755859375,10115.9755859375,14906809639,0,1
2019-09-10,10123.03515625,10215.9482421875,9980.7763671875,10178.3720703125,10178.3720703125,15428063426,0,1
2019-09-11,10176.8193359375,10442.25390625,10099.2421875,10410.126953125,10410.126953125,15323563925,0,1
2019-09-12,10415.3623046875,10441.4892578125,10226.5966796875,10360.546875,10360.546875,14109864674,0,1
2019-09-13,10345.4033203125,10422.1337890625,10291.6943359375,10358.048828125,10358.048828125,13468713124,0,1
2019-09-14,10356.4658203125,10387.03515625,10313.0927734375,10347.712890625,10347.712890625,12043433567,0,1
2019-09-15,10347.22265625,10386.8671875,10189.744140625,10276.7939453125,10276.7939453125,15160167778,0,1
2019-09-16,10281.513671875,10296.771484375,10199.7392578125,10241.2724609375,10241.2724609375,15304603363,0,1
2019-09-17,10247.7958984375,10275.9287109375,10191.4697265625,10198.248046875,10198.248046875,16169268880,0,1
2019-09-18,10200.49609375,10295.6689453125,9851.6923828125,10266.4150390625,10266.4150390625,19937691247,0,1
2019-09-19,10266.318359375,10285.8720703125,10132.1865234375,10181.6416015625,10181.6416015625,14734189639,0,1
2019-09-20,10183.6484375,10188.09765625,10000.7080078125,10019.716796875,10019.716796875,13425266806,0,1
2019-09-21,10024.115234375,10074.4443359375,9922.533203125,10070.392578125,10070.392578125,13199651698,0,1
2019-09-22,10067.962890625,10074.23828125,9727.1435546875,9729.32421875,9729.32421875,15144925408,0,1
2019-09-23,9729.3212890625,9804.3173828125,8370.8017578125,8620.56640625,8620.56640625,25002886688,0,1
2019-09-24,8603.4287109375,8744.828125,8325.396484375,8486.9931640625,8486.9931640625,21744728352,0,1
2019-09-25,8487.669921875,8515.685546875,7895.62939453125,8118.9677734375,8118.9677734375,19258205289,0,1
2019-09-26,8113.10107421875,8271.5205078125,7965.9228515625,8251.845703125,8251.845703125,16408941155,0,1
2019-09-27,8251.2734375,8285.6171875,8125.431640625,8245.9150390625,8245.9150390625,14141152736,0,1
2019-09-28,8246.037109375,8261.70703125,7990.4970703125,8104.185546875,8104.185546875,13034629108,0,1
2019-09-29,8104.2265625,8314.2314453125,7830.7587890625,8293.8681640625,8293.8681640625,17115474183,0,1
2019-09-30,8299.720703125,8497.6923828125,8232.6796875,8343.2763671875,8343.2763671875,15305343412,0,1
2019-10-01,8344.212890625,8393.0419921875,8227.6953125,8393.0419921875,8393.0419921875,13125712442,0,1
2019-10-02,8390.7744140625,8414.2275390625,8146.43701171875,8259.9921875,8259.9921875,13668823409,0,1
2019-10-03,8259.494140625,8260.0556640625,8151.23681640625,8205.939453125,8205.939453125,13139456229,0,1
2019-10-04,8210.1494140625,8215.5263671875,8071.12060546875,8151.50048828125,8151.50048828125,12200497197,0,1
2019-10-05,8149.876953125,8161.41015625,7958.8505859375,7988.15576171875,7988.15576171875,13160830305,0,1
2019-10-06,7989.12060546875,8308.4501953125,7905.76611328125,8245.623046875,8245.623046875,18009742607,0,1
2019-10-07,8246.849609375,8332.71484375,8185.76318359375,8228.783203125,8228.783203125,15592264032,0,1
2019-10-08,8229.8408203125,8627.7060546875,8169.298828125,8595.740234375,8595.740234375,19384942333,0,1
2019-10-09,8585.2802734375,8625.2724609375,8471.93359375,8586.4736328125,8586.4736328125,17618660671,0,1
2019-10-10,8585.2626953125,8721.7802734375,8316.181640625,8321.7568359375,8321.7568359375,19604381101,0,1
2019-10-11,8315.6650390625,8415.2421875,8313.3408203125,8336.5556640625,8336.5556640625,14532641604,0,1
2019-10-12,8336.90234375,8470.98828125,8276.6123046875,8321.005859375,8321.005859375,13808286058,0,1
2019-10-13,8320.83203125,8390.208984375,8284.130859375,8374.6865234375,8374.6865234375,15151387859,0,1
2019-10-14,8373.4580078125,8410.71484375,8182.70654296875,8205.369140625,8205.369140625,15220412631,0,1
2019-10-15,8204.6748046875,8216.8125,7985.08984375,8047.52685546875,8047.52685546875,16071646995,0,1
2019-10-16,8047.8125,8134.83154296875,8000.94287109375,8103.9111328125,8103.9111328125,14313052244,0,1
2019-10-17,8100.93359375,8138.41357421875,7902.1640625,7973.20751953125,7973.20751953125,15651592610,0,1
2019-10-18,7973.8037109375,8082.62939453125,7944.77685546875,7988.560546875,7988.560546875,13797825640,0,1
2019-10-19,7997.80712890625,8281.818359375,7949.439453125,8222.078125,8222.078125,15504249442,0,1
2019-10-20,8225.115234375,8296.6943359375,8196.416015625,8243.720703125,8243.720703125,15868748865,0,1
2019-10-21,8243.40234375,8296.6513671875,8074.462890625,8078.203125,8078.203125,16803377856,0,1
2019-10-22,8076.228515625,8092.99951171875,7469.32275390625,7514.671875,7514.671875,21942878957,0,1
2019-10-23,7509.72802734375,7532.86767578125,7446.98876953125,7493.48876953125,7493.48876953125,16268708848,0,1
2019-10-24,7490.703125,8691.5400390625,7479.984375,8660.7001953125,8660.7001953125,28705065488,0,1
2019-10-25,8667.5771484375,10021.744140625,8662.6220703125,9244.97265625,9244.97265625,44496255608,0,1
2019-10-26,9241.70703125,9749.529296875,9112.5419921875,9551.71484375,9551.71484375,32593129500,0,1
2019-10-28,9565.1015625,9805.1181640625,9256.1484375,9256.1484375,9256.1484375,30948255331,0,1
2019-10-29,9248.4404296875,9516.1806640625,9232.6484375,9427.6875,9427.6875,28426779937,0,1
2019-10-30,9422.462890625,9426.8740234375,9085.3701171875,9205.7265625,9205.7265625,27706531577,0,1
2019-10-31,9202.4580078125,9383.1611328125,9028.7177734375,9199.5849609375,9199.5849609375,26583653946,0,1
2019-11-01,9193.9921875,9275.6572265625,9132.0478515625,9261.1044921875,9261.1044921875,24324691031,0,1
2019-11-02,9259.783203125,9377.486328125,9249.587890625,9324.7177734375,9324.7177734375,21242676385,0,1
2019-11-03,9324.787109375,9379.806640625,9141.251953125,9235.3544921875,9235.3544921875,21132220847,0,1
2019-11-04,9235.607421875,9505.0517578125,9191.4853515625,9412.6123046875,9412.6123046875,26170255634,0,1
2019-11-05,9413.0048828125,9457.41796875,9256.931640625,9342.52734375,9342.52734375,26198609047,0,1
2019-11-06,9340.8642578125,9423.2373046875,9305.9091796875,9360.8798828125,9360.8798828125,23133895764,0,1
2019-11-07,9352.3935546875,9368.4765625,9202.353515625,9267.5615234375,9267.5615234375,22700383838,0,1
2019-11-08,9265.3681640625,9272.759765625,8775.5341796875,8804.880859375,8804.880859375,24333037836,0,1
2019-11-09,8809.46875,8891.818359375,8793.1630859375,8813.58203125,8813.58203125,17578630605,0,1
2019-11-10,8812.4892578125,9103.826171875,8806.162109375,9055.5263671875,9055.5263671875,20587919881,0,1
2019-11-11,9056.91796875,9081.279296875,8700.6083984375,8757.7880859375,8757.7880859375,20265510765,0,1
2019-11-12,8759.751953125,8853.7685546875,8685.427734375,8815.662109375,8815.662109375,20309769107,0,1
2019-11-13,8812.033203125,8836.841796875,8761.6513671875,8808.2626953125,8808.2626953125,17545755404,0,1
2019-11-14,8811.9365234375,8826.943359375,8692.5517578125,8708.0947265625,8708.0947265625,19084739974,0,1
2019-11-15,8705.7080078125,8730.873046875,8484.84375,8491.9921875,8491.9921875,21796856471,0,1
2019-11-16,8491.166015625,8591.9970703125,8473.9736328125,8550.7607421875,8550.7607421875,16495389808,0,1
2019-11-17,8549.470703125,8727.7890625,8500.9677734375,8577.9755859375,8577.9755859375,18668638896,0,1
2019-11-18,8573.98046875,8653.2802734375,8273.5732421875,8309.2861328125,8309.2861328125,21579470673,0,1
2019-11-19,8305.134765625,8408.5166015625,8099.96337890625,8206.1455078125,8206.1455078125,21083613815,0,1
2019-11-20,8203.61328125,8237.240234375,8010.51171875,8027.26806640625,8027.26806640625,20764300436,0,1
2019-11-21,8023.64453125,8110.09814453125,7597.3818359375,7642.75,7642.75,22514243371,0,1
2019-11-22,7643.5693359375,7697.3828125,6936.70654296875,7296.57763671875,7296.57763671875,34242315784,0,1
2019-11-23,7296.16455078125,7442.2587890625,7151.41796875,7397.796875,7397.796875,21008924417,0,1
2019-11-24,7398.6337890625,7408.5771484375,7029.2890625,7047.9169921875,7047.9169921875,30433517289,0,1
2019-11-25,7039.97705078125,7319.85693359375,6617.1669921875,7146.1337890625,7146.1337890625,42685231261,0,1
2019-11-26,7145.1591796875,7320.23046875,7098.572265625,7218.37109375,7218.37109375,21129505542,0,1
2019-11-27,7220.880859375,7619.693359375,6974.17431640625,7531.66357421875,7531.66357421875,23991412764,0,1
2019-11-28,7536.8203125,7730.07275390625,7454.12158203125,7463.10595703125,7463.10595703125,19050116751,0,1
2019-11-29,7466.72705078125,7781.1796875,7460.75634765625,7761.24365234375,7761.24365234375,19709695455,0,1
2019-11-30,7764.05712890625,7836.10205078125,7515.849609375,7569.6298828125,7569.6298828125,17158194786,0,1
2019-12-01,7571.6162109375,7571.6162109375,7291.341796875,7424.29248046875,7424.29248046875,18720708479,0,1
2019-12-02,7424.0361328125,7474.81884765625,7233.3994140625,7321.98828125,7321.98828125,17082040705,0,1
2019-12-03,7323.9755859375,7418.85888671875,7229.35693359375,7320.1455078125,7320.1455078125,14797485769,0,1
2019-12-04,7320.125,7539.78466796875,7170.9228515625,7252.03466796875,7252.03466796875,21664240918,0,1
2019-12-05,7253.24169921875,7743.431640625,7232.6767578125,7448.3076171875,7448.3076171875,18816085231,0,1
2019-12-06,7450.5615234375,7546.99658203125,7392.17529296875,7546.99658203125,7546.99658203125,18104466306,0,1
2019-12-07,7547.265625,7589.95166015625,7525.71142578125,7556.23779296875,7556.23779296875,15453520564,0,1
2019-12-08,7551.3388671875,7634.6064453125,7476.09130859375,7564.34521484375,7564.34521484375,15409908086,0,1
2019-12-09,7561.79541015625,7618.091796875,7365.9853515625,7400.8994140625,7400.8994140625,17872021272,0,1
2019-12-10,7397.13427734375,7424.02294921875,7246.0439453125,7278.11962890625,7278.11962890625,18249031194,0,1
2019-12-11,7277.19775390625,7324.15625,7195.52734375,7217.42724609375,7217.42724609375,16350490689,0,1
2019-12-12,7216.73876953125,7266.6396484375,7164.7412109375,7243.13427734375,7243.13427734375,18927080224,0,1
2019-12-13,7244.662109375,7293.560546875,7227.12255859375,7269.6845703125,7269.6845703125,17125736940,0,1
2019-12-14,7268.90283203125,7308.83642578125,7097.208984375,7124.673828125,7124.673828125,17137029729,0,1
2019-12-15,7124.23974609375,7181.07568359375,6924.3759765625,7152.3017578125,7152.3017578125,16881129804,0,1
2019-12-16,7153.6630859375,7171.1689453125,6903.6826171875,6932.48046875,6932.48046875,20213265949,0,1
2019-12-17,6931.3154296875,6964.0751953125,6587.97412109375,6640.51513671875,6640.51513671875,22363804217,0,1
2019-12-18,6647.6982421875,7324.98486328125,6540.04931640625,7276.802734375,7276.802734375,31836522778,0,1
2019-12-19,7277.5908203125,7346.6025390625,7041.3818359375,7202.84423828125,7202.84423828125,25904604415,0,1
2019-12-20,7208.63671875,7257.921875,7086.1240234375,7218.81640625,7218.81640625,22633815180,0,1
2019-12-21,7220.59375,7223.22607421875,7112.73583984375,7191.15869140625,7191.15869140625,19312552168,0,1
2019-12-22,7191.1884765625,7518.033203125,7167.17919921875,7511.5888671875,7511.5888671875,23134537956,0,1
2019-12-23,7508.90234375,7656.17626953125,7326.1923828125,7355.62841796875,7355.62841796875,27831788041,0,1
2019-12-24,7354.39306640625,7535.716796875,7269.52880859375,7322.5322265625,7322.5322265625,22991622105,0,1
2019-12-25,7325.755859375,7357.02001953125,7220.9912109375,7275.15576171875,7275.15576171875,21559505148,0,1
2019-12-26,7274.79931640625,7388.302734375,7200.38671875,7238.966796875,7238.966796875,22787010034,0,1
2019-12-27,7238.14111328125,7363.529296875,7189.93408203125,7290.08837890625,7290.08837890625,22777360995,0,1
2019-12-28,7289.03125,7399.041015625,7286.9052734375,7317.990234375,7317.990234375,21365673026,0,1
2019-12-29,7317.6474609375,7513.9482421875,7279.865234375,7422.65283203125,7422.65283203125,22445257701,0,1
2019-12-30,7420.27294921875,7454.82421875,7276.30810546875,7292.9951171875,7292.9951171875,22874131671,0,1
2019-12-31,7294.43896484375,7335.2900390625,7169.77783203125,7193.59912109375,7193.59912109375,21167946112,0,1
2020-01-01,7194.89208984375,7254.33056640625,7174.9443359375,7200.17431640625,7200.17431640625,18565664996,0,1
2020-01-02,7202.55126953125,7212.1552734375,6935.27001953125,6985.47021484375,6985.47021484375,20802083465,0,1
2020-01-03,6984.4287109375,7413.71533203125,6914.99609375,7344.88427734375,7344.88427734375,28111481031,0,1
2020-01-04,7345.37548828125,7427.3857421875,7309.51416015625,7410.65673828125,7410.65673828125,18444271274,0,1
2020-01-05,7410.45166015625,7544.4970703125,7400.53564453125,7411.3173828125,7411.3173828125,19725074094,0,1
2020-01-06,7410.4521484375,7781.8671875,7409.29296875,7769.21923828125,7769.21923828125,23276261598,0,1
2020-01-07,7768.68212890625,8178.2158203125,7768.2275390625,8163.6923828125,8163.6923828125,28767291326,0,1
2020-01-08,8161.935546875,8396.73828125,7956.7744140625,8079.86279296875,8079.86279296875,31672559264,0,1
2020-01-09,8082.2958984375,8082.2958984375,7842.40380859375,7879.0712890625,7879.0712890625,24045990465,0,1
2020-01-10,7878.3076171875,8166.55419921875,7726.77490234375,8166.55419921875,8166.55419921875,28714583843,0,1
2020-01-11,8162.19091796875,8218.359375,8029.64208984375,8037.53759765625,8037.53759765625,25521165085,0,1
2020-01-12,8033.26171875,8200.0634765625,8009.05908203125,8192.494140625,8192.494140625,22903438381,0,1
2020-01-13,8189.77197265625,8197.7880859375,8079.70068359375,8144.1943359375,8144.1943359375,22482910687,0,1
2020-01-14,8140.93310546875,8879.51171875,8140.93310546875,8827.7646484375,8827.7646484375,44841784107,0,1
2020-01-15,8825.34375,8890.1171875,8657.1875,8807.0107421875,8807.0107421875,40102834649,0,1
2020-01-16,8817.19140625,8846.4609375,8614.3837890625,8689.4482421875,8689.4482421875,34499325952,0,1
